age/year,occupation,income,province,use,prod,prod2,prod3,prod4
36-40 ปี,ลูกจ้าง,"20,001-30,000 บาท",กระบี่,แชมพู,เจลล้างมือ,สินค้า OTOP,ซื้อ,1 เดือน
30-35 ปี,ลูกจ้าง,"30,001-40,000 บาท",นครปฐม,แชมพู,แชมพู,เคาเตอร์แบรนด์ห้างสรรพสินค้า,ซื้อ,3 เดือน
30-35 ปี,ลูกจ้าง,"30,001-40,000 บาท",ประจวบคีรีขันธ์,โลชั่นบำรุงผิว,โลชั่นบำรุงผิว,ร้านค้าในอินเทอร์เน็ต,ซื้อ,2 เดือน
45 ปีขึ้นไป,ข้าราชการ/รัฐวิสาหกิจ,"30,001-40,000 บาท",สุพรรณบุรี,โลชั่นบำรุงผิว,โลชั่นบำรุงผิว,ร้านค้าในอินเทอร์เน็ต,ซื้อ,3 เดือน
45 ปีขึ้นไป,ธุรกิจส่วนตัว,"30,001-40,000 บาท",กรุงเทพมหานคร,ครีมบำรุงผิวหน้า,ครีมบำรุงผิวหน้า,เคาเตอร์แบรนด์ห้างสรรพสินค้า,ซื้อ,3 เดือน
36-40 ปี,ลูกจ้าง,"40,001-50,000 บาท",กรุงเทพมหานคร,เจลล้างมือ,โลชั่นบำรุงผิว,ร้านค้าเพื่อความสวยงามทั่วไป,ซื้อ,3 เดือน
30-35 ปี,ลูกจ้าง,"20,001-30,000 บาท",ระยอง,ครีมบำรุงรอบดวงตา,โลชั่นบำรุงผิว,ร้านค้าเพื่อความสวยงามทั่วไป,ซื้อ,2 เดือน
30-35 ปี,ลูกจ้าง,"20,001-30,000 บาท",กรุงเทพมหานคร,ครีมบำรุงผิวหน้า,วิตามินบำรุงผม,ร้านค้าเพื่อความสวยงามทั่วไป,ซื้อ,2 เดือน
30-35 ปี,ลูกจ้าง,"10,000-20,000 บาท",กระบี่,แชมพู,โลชั่นบำรุงผิว,เคาเตอร์แบรนด์ห้างสรรพสินค้า,ซื้อ,1 เดือน
30-35 ปี,ธุรกิจส่วนตัว,"40,001-50,000 บาท",ชุมพร,โลชั่นบำรุงผิว,โลชั่นบำรุงผิว,เคาเตอร์แบรนด์ห้างสรรพสินค้า,ซื้อ,2 เดือน
41-45 ปี,อาชีพอิสระ,"10,000-20,000 บาท",ประจวบคีรีขันธ์,แชมพู,สบู่เหลวอาบน้ำ,ร้านค้าเพื่อความสวยงามทั่วไป,ซื้อ,2 เดือน
30-35 ปี,ธุรกิจส่วนตัว,"10,000-20,000 บาท",กระบี่,ครีมกันแดด,ครีมบำรุงผิวหน้า,เคาเตอร์แบรนด์ห้างสรรพสินค้า,ซื้อ,3 เดือน
30-35 ปี,ธุรกิจส่วนตัว,"10,000-20,000 บาท",กระบี่,ครีมบำรุงผิวหน้า,ครีมบำรุงผิวหน้า,ร้านค้าเพื่อความสวยงามทั่วไป,ซื้อ,2 เดือน
30-35 ปี,ลูกจ้าง,"10,000-20,000 บาท",สระบุรี,ครีมบำรุงผิวหน้า,โลชั่นบำรุงผิว,เคาเตอร์แบรนด์ห้างสรรพสินค้า,ซื้อ,1 เดือน
45 ปีขึ้นไป,ข้าราชการ/รัฐวิสาหกิจ,"30,001-40,000 บาท",เพชรบุรี,แชมพู,เจลล้างมือ,เคาเตอร์แบรนด์ห้างสรรพสินค้า,ไม่ซื้อ,3 เดือน
36-40 ปี,อาชีพอิสระ,"10,000-20,000 บาท",กรุงเทพมหานคร,เจลล้างหน้า,ครีมบำรุงผิวหน้า,ตัวแทนจำหน่าย(ขายตรง),ซื้อ,2 เดือน
36-40 ปี,ธุรกิจส่วนตัว,"40,001-50,000 บาท",ประจวบคีรีขันธ์,โลชั่นบำรุงผิว,โลชั่นบำรุงผิว,เคาเตอร์แบรนด์ห้างสรรพสินค้า,ซื้อ,3 เดือน
30-35 ปี,อาชีพอิสระ,"10,000-20,000 บาท",สุราษฎร์ธานี,ครีมบำรุงผิวหน้า,วิตามินบำรุงผม,ร้านค้าในอินเทอร์เน็ต,ซื้อ,1 เดือน
30-35 ปี,ธุรกิจส่วนตัว,"10,000-20,000 บาท",สระบุรี,แชมพู,ครีมบำรุงรอบดวงตา,เคาเตอร์แบรนด์ห้างสรรพสินค้า,ซื้อ,1 เดือน
30-35 ปี,ธุรกิจส่วนตัว,"10,000-20,000 บาท",กระบี่,โลชั่นบำรุงผิว,ครีมกันแดด,ร้านค้าเพื่อความสวยงามทั่วไป,ซื้อ,2 เดือน
36-40 ปี,ธุรกิจส่วนตัว,"10,000-20,000 บาท",พัทลุง,เจลล้างหน้า,เจลล้างหน้า,เคาเตอร์แบรนด์ห้างสรรพสินค้า,ซื้อ,2 เดือน
36-40 ปี,ข้าราชการ/รัฐวิสาหกิจ,"10,000-20,000 บาท",สุราษฎร์ธานี,ครีมบำรุงผิวหน้า,โลชั่นบำรุงผิว,เคาเตอร์แบรนด์ห้างสรรพสินค้า,ซื้อ,2 เดือน
30-35 ปี,ข้าราชการ/รัฐวิสาหกิจ,"10,000-20,000 บาท",สุราษฎร์ธานี,ครีมบำรุงผิวหน้า,เจลล้างมือ,เคาเตอร์แบรนด์ห้างสรรพสินค้า,ซื้อ,2 เดือน
36-40 ปี,ข้าราชการ/รัฐวิสาหกิจ,"30,001-40,000 บาท",นครนายก,แชมพู,สบู่เหลวอาบน้ำ,เคาเตอร์แบรนด์ห้างสรรพสินค้า,ซื้อ,2 เดือน
30-35 ปี,ข้าราชการ/รัฐวิสาหกิจ,"20,001-30,000 บาท",กระบี่,โลชั่นบำรุงผิว,โลชั่นบำรุงผิว,เคาเตอร์แบรนด์ห้างสรรพสินค้า,ซื้อ,1 เดือน
36-40 ปี,ลูกจ้าง,"10,000-20,000 บาท",นนทบุรี,แชมพู,ครีมบำรุงรอบดวงตา,ร้านค้าในอินเทอร์เน็ต,ซื้อ,3 เดือน
30-35 ปี,อาชีพอิสระ,"10,000-20,000 บาท",สุราษฎร์ธานี,ครีมบำรุงรอบดวงตา,ครีมบำรุงผิวหน้า,ร้านค้าเพื่อความสวยงามทั่วไป,ซื้อ,2 เดือน
30-35 ปี,อาชีพอิสระ,"10,000-20,000 บาท",สุราษฎร์ธานี,เจลล้างหน้า,เจลล้างหน้า,ร้านค้าเพื่อความสวยงามทั่วไป,ซื้อ,2 เดือน
36-40 ปี,ลูกจ้าง,"10,000-20,000 บาท",เชียงใหม่,ครีมบำรุงผิวหน้า,ครีมบำรุงผิวหน้า,ตัวแทนจำหน่าย(ขายตรง),ซื้อ,2 เดือน
36-40 ปี,ข้าราชการ/รัฐวิสาหกิจ,"30,001-40,000 บาท",พัทลุง,แชมพู,ครีมบำรุงผิวหน้า,ร้านค้าในอินเทอร์เน็ต,ซื้อ,2 เดือน
41-45 ปี,ข้าราชการ/รัฐวิสาหกิจ,"40,001-50,000 บาท",กาญจนบุรี,แชมพู,เจลล้างมือ,ร้านค้าเพื่อความสวยงามทั่วไป,ซื้อ,3 เดือน
36-40 ปี,ลูกจ้าง,"20,001-30,000 บาท",ประจวบคีรีขันธ์,โลชั่นบำรุงผิว,โลชั่นบำรุงผิว,ร้านค้าเพื่อความสวยงามทั่วไป,ไม่ซื้อ,2 เดือน
30-35 ปี,ลูกจ้าง,"10,000-20,000 บาท",กรุงเทพมหานคร,โลชั่นบำรุงผิว,ครีมบำรุงผิวหน้า,ร้านค้าเพื่อความสวยงามทั่วไป,ซื้อ,3 เดือน
30-35 ปี,ลูกจ้าง,"40,001-50,000 บาท",กรุงเทพมหานคร,โลชั่นบำรุงผิว,ครีมบำรุงผิวหน้า,ร้านค้าในอินเทอร์เน็ต,ซื้อ,2 เดือน
30-35 ปี,ลูกจ้าง,"10,000-20,000 บาท",กรุงเทพมหานคร,ครีมกันแดด,โลชั่นบำรุงผิว,ร้านค้าเพื่อความสวยงามทั่วไป,ไม่ซื้อ,1 เดือน
30-35 ปี,อาชีพอิสระ,"10,000-20,000 บาท",ประจวบคีรีขันธ์,โลชั่นบำรุงผิว,ครีมบำรุงรอบดวงตา,ร้านค้าในอินเทอร์เน็ต,ซื้อ,3 เดือน
36-40 ปี,ลูกจ้าง,"30,001-40,000 บาท",กรุงเทพมหานคร,ครีมบำรุงผิวหน้า,โลชั่นบำรุงผิว,ร้านค้าเพื่อความสวยงามทั่วไป,ซื้อ,3 เดือน
36-40 ปี,ธุรกิจส่วนตัว,"30,001-40,000 บาท",ปทุมธานี,ครีมบำรุงผิวหน้า,ครีมบำรุงผิวหน้า,ร้านค้าเพื่อความสวยงามทั่วไป,ซื้อ,1 เดือน
30-35 ปี,ลูกจ้าง,"20,001-30,000 บาท",ชลบุรี,เจลล้างมือ,ครีมบำรุงผิวหน้า,เคาเตอร์แบรนด์ห้างสรรพสินค้า,ซื้อ,3 เดือน
30-35 ปี,ข้าราชการ/รัฐวิสาหกิจ,"20,001-30,000 บาท",มหาสารคาม,ครีมบำรุงผิวหน้า,เจลล้างหน้า,เคาเตอร์แบรนด์ห้างสรรพสินค้า,ซื้อ,1 เดือน
30-35 ปี,อาชีพอิสระ,"10,000-20,000 บาท",กาญจนบุรี,แชมพู,ครีมบำรุงรอบดวงตา,เคาเตอร์แบรนด์ห้างสรรพสินค้า,ซื้อ,2 เดือน
41-45 ปี,ข้าราชการ/รัฐวิสาหกิจ,"40,001-50,000 บาท",ราชบุรี,ครีมบำรุงรอบดวงตา,โลชั่นบำรุงผิว,ร้านค้าในอินเทอร์เน็ต,ซื้อ,2 เดือน
36-40 ปี,ธุรกิจส่วนตัว,"10,000-20,000 บาท",เชียงใหม่,ครีมบำรุงผิวหน้า,ครีมบำรุงผิวหน้า,ร้านค้าเพื่อความสวยงามทั่วไป,ซื้อ,1 เดือน
36-40 ปี,ลูกจ้าง,"30,001-40,000 บาท",นนทบุรี,โลชั่นบำรุงผิว,ครีมบำรุงผิวหน้า,ร้านค้าเพื่อความสวยงามทั่วไป,ซื้อ,3 เดือน
30-35 ปี,ลูกจ้าง,"20,001-30,000 บาท",กรุงเทพมหานคร,แชมพู,เจลล้างมือ,ร้านค้าเพื่อความสวยงามทั่วไป,ซื้อ,3 เดือน
30-35 ปี,ลูกจ้าง,"10,000-20,000 บาท",กรุงเทพมหานคร,แชมพู,แชมพู,ร้านสปานวดเพื่อสุขภาพ,ซื้อ,1 เดือน
30-35 ปี,ลูกจ้าง,"10,000-20,000 บาท",นครศรีธรรมราช,ครีมบำรุงรอบดวงตา,แชมพู,ร้านค้าเพื่อความสวยงามทั่วไป,ซื้อ,1 เดือน
30-35 ปี,ลูกจ้าง,"10,000-20,000 บาท",ประจวบคีรีขันธ์,สบู่ก้อน,เจลล้างหน้า,ร้านค้าในอินเทอร์เน็ต,ซื้อ,2 เดือน
30-35 ปี,ลูกจ้าง,"10,000-20,000 บาท",กระบี่,ครีมบำรุงผิวหน้า,เจลล้างหน้า,ร้านค้าในอินเทอร์เน็ต,ซื้อ,1 เดือน
45 ปีขึ้นไป,อาชีพอิสระ,"10,000-20,000 บาท",กรุงเทพมหานคร,เจลล้างมือ,เจลล้างมือ,สินค้า OTOP,ซื้อ,1 เดือน
36-40 ปี,ข้าราชการ/รัฐวิสาหกิจ,"30,001-40,000 บาท",กรุงเทพมหานคร,เจลล้างหน้า,เจลล้างหน้า,สินค้า OTOP,ซื้อ,2 เดือน
30-35 ปี,ข้าราชการ/รัฐวิสาหกิจ,"10,000-20,000 บาท",กระบี่,เจลล้างหน้า,ครีมบำรุงผิวหน้า,ร้านค้าเพื่อความสวยงามทั่วไป,ซื้อ,2 เดือน
30-35 ปี,ลูกจ้าง,"10,000-20,000 บาท",กระบี่,แชมพู,วิตามินบำรุงผม,ร้านค้าเพื่อความสวยงามทั่วไป,ซื้อ,2 เดือน
30-35 ปี,ข้าราชการ/รัฐวิสาหกิจ,"10,000-20,000 บาท",กระบี่,ครีมบำรุงรอบดวงตา,แชมพู,ร้านค้าเพื่อความสวยงามทั่วไป,ซื้อ,1 เดือน
30-35 ปี,ธุรกิจส่วนตัว,"10,000-20,000 บาท",กระบี่,แชมพู,แชมพู,ตัวแทนจำหน่าย(ขายตรง),ซื้อ,1 เดือน
41-45 ปี,ข้าราชการ/รัฐวิสาหกิจ,"30,001-40,000 บาท",กระบี่,เจลล้างหน้า,ครีมบำรุงผิวหน้า,ร้านค้าในอินเทอร์เน็ต,ซื้อ,2 เดือน
45 ปีขึ้นไป,ธุรกิจส่วนตัว,"10,000-20,000 บาท",พัทลุง,ครีมบำรุงผิวหน้า,ครีมบำรุงผิวหน้า,ร้านค้าเพื่อความสวยงามทั่วไป,ซื้อ,2 เดือน
36-40 ปี,ลูกจ้าง,"30,001-40,000 บาท",กรุงเทพมหานคร,เจลล้างหน้า,โลชั่นบำรุงผิว,ร้านค้าเพื่อความสวยงามทั่วไป,ซื้อ,3 เดือน
36-40 ปี,ลูกจ้าง,"30,001-40,000 บาท",กรุงเทพมหานคร,ครีมบำรุงผิวหน้า,ครีมบำรุงผิวหน้า,ร้านค้าเพื่อความสวยงามทั่วไป,ซื้อ,3 เดือน
36-40 ปี,ข้าราชการ/รัฐวิสาหกิจ,"20,001-30,000 บาท",ประจวบคีรีขันธ์,ครีมบำรุงผิวหน้า,ครีมบำรุงผิวหน้า,เคาเตอร์แบรนด์ห้างสรรพสินค้า,ซื้อ,1 เดือน
30-35 ปี,ธุรกิจส่วนตัว,"10,000-20,000 บาท",ประจวบคีรีขันธ์,เจลล้างหน้า,แชมพู,ร้านค้าเพื่อความสวยงามทั่วไป,ซื้อ,3 เดือน
30-35 ปี,ข้าราชการ/รัฐวิสาหกิจ,"20,001-30,000 บาท",เพชรบุรี,เจลล้างหน้า,เจลล้างหน้า,ร้านค้าเพื่อความสวยงามทั่วไป,ซื้อ,2 เดือน
30-35 ปี,ข้าราชการ/รัฐวิสาหกิจ,"10,000-20,000 บาท",ประจวบคีรีขันธ์,ครีมบำรุงผิวหน้า,แชมพู,เคาเตอร์แบรนด์ห้างสรรพสินค้า,ซื้อ,1 เดือน
36-40 ปี,ข้าราชการ/รัฐวิสาหกิจ,"10,000-20,000 บาท",ประจวบคีรีขันธ์,ครีมบำรุงผิวหน้า,แชมพู,เคาเตอร์แบรนด์ห้างสรรพสินค้า,ซื้อ,1 เดือน
30-35 ปี,ลูกจ้าง,"20,001-30,000 บาท",กรุงเทพมหานคร,แชมพู,แชมพู,ร้านค้าเพื่อความสวยงามทั่วไป,ซื้อ,1 เดือน
30-35 ปี,ธุรกิจส่วนตัว,"10,000-20,000 บาท",อุตรดิตถ์​,ครีมบำรุงรอบดวงตา,ครีมกันแดด,ร้านค้าเพื่อความสวยงามทั่วไป,ซื้อ,1 เดือน
30-35 ปี,ข้าราชการ/รัฐวิสาหกิจ,"10,000-20,000 บาท",ราชบุรี,โลชั่นบำรุงผิว,ครีมบำรุงผิวหน้า,ร้านค้าในอินเทอร์เน็ต,ซื้อ,2 เดือน
30-35 ปี,อาชีพอิสระ,"10,000-20,000 บาท",นครปฐม,โลชั่นบำรุงผิว,วิตามินบำรุงผม,ร้านค้าเพื่อความสวยงามทั่วไป,ซื้อ,1 เดือน
36-40 ปี,ธุรกิจส่วนตัว,"40,001-50,000 บาท",ชัยภูมิ,ครีมบำรุงผิวหน้า,สบู่ก้อน,เคาเตอร์แบรนด์ห้างสรรพสินค้า,ซื้อ,2 เดือน
30-35 ปี,ลูกจ้าง,"10,000-20,000 บาท",พัทลุง,แชมพู,แชมพู,ตัวแทนจำหน่าย(ขายตรง),ซื้อ,1 เดือน
36-40 ปี,ธุรกิจส่วนตัว,"30,001-40,000 บาท",ภูเก็ต,เจลล้างมือ,ครีมบำรุงผิวหน้า,ร้านค้าในอินเทอร์เน็ต,ซื้อ,3 เดือน
36-40 ปี,อาชีพอิสระ,"10,000-20,000 บาท",นครศรีธรรมราช ,ครีมบำรุงรอบดวงตา,เจลล้างหน้า,ร้านค้าเพื่อความสวยงามทั่วไป,ซื้อ,1 เดือน
30-35 ปี,ธุรกิจส่วนตัว,"40,001-50,000 บาท",ประจวบคีรีขันธ์, วิตามินบำรุงผม,เจลล้างหน้า,เคาเตอร์แบรนด์ห้างสรรพสินค้า,ซื้อ,3 เดือน
30-35 ปี,ลูกจ้าง,"30,001-40,000 บาท",ชุมพร,โลชั่นบำรุงผิว,วิตามินบำรุงผม,เคาเตอร์แบรนด์ห้างสรรพสินค้า,ซื้อ,3 เดือน
30-35 ปี,ธุรกิจส่วนตัว,"20,001-30,000 บาท",ชุมพร,เจลล้างมือ,เจลล้างมือ,ร้านค้าเพื่อความสวยงามทั่วไป,ซื้อ,2 เดือน
36-40 ปี,ลูกจ้าง,"10,000-20,000 บาท",สงขลา,แชมพู,เจลล้างมือ,ร้านค้าเพื่อความสวยงามทั่วไป,ซื้อ,2 เดือน
30-35 ปี,ลูกจ้าง,"10,000-20,000 บาท",กรุงเทพมหานคร,เจลล้างมือ,เจลล้างมือ,สินค้า OTOP,ซื้อ,2 เดือน
30-35 ปี,ธุรกิจส่วนตัว,"30,001-40,000 บาท",กรุงเทพมหานคร,ครีมบำรุงผิวหน้า,เจลล้างหน้า,เคาเตอร์แบรนด์ห้างสรรพสินค้า,ซื้อ,1 เดือน
30-35 ปี,ธุรกิจส่วนตัว,"20,001-30,000 บาท",นครปฐม,เจลล้างมือ,โลชั่นบำรุงผิว,เคาเตอร์แบรนด์ห้างสรรพสินค้า,ไม่ซื้อ,3 เดือน
41-45 ปี,ธุรกิจส่วนตัว,"10,000-20,000 บาท",เพชรบุรี,โลชั่นบำรุงผิว,โลชั่นบำรุงผิว,ร้านค้าเพื่อความสวยงามทั่วไป,ซื้อ,2 เดือน
30-35 ปี,ลูกจ้าง,"10,000-20,000 บาท",สมุทรสาคร,แชมพู,แชมพู,ร้านค้าในอินเทอร์เน็ต,ซื้อ,1 เดือน
30-35 ปี,ข้าราชการ/รัฐวิสาหกิจ,"10,000-20,000 บาท",นครศรีธรรมราช,แชมพู,แชมพู,ตัวแทนจำหน่าย(ขายตรง),ไม่ซื้อ,2 เดือน
30-35 ปี,ลูกจ้าง,"10,000-20,000 บาท",ประจวบคีรีขันธ์,สบู่ก้อน,สบู่ก้อน,ร้านค้าเพื่อความสวยงามทั่วไป,ซื้อ,1 เดือน
30-35 ปี,ลูกจ้าง,"10,000-20,000 บาท",ประจวบคีรีขันธ์,แชมพู,แชมพู,สินค้า OTOP,ซื้อ,1 เดือน
30-35 ปี,ลูกจ้าง,"20,001-30,000 บาท",นครปฐม,โลชั่นบำรุงผิว,เจลล้างมือ,เคาเตอร์แบรนด์ห้างสรรพสินค้า,ซื้อ,3 เดือน
30-35 ปี,ลูกจ้าง,"20,001-30,000 บาท",สุราษฎร์ธานี,ครีมบำรุงผิวหน้า,ครีมบำรุงรอบดวงตา,ร้านค้าเพื่อความสวยงามทั่วไป,ซื้อ,1 เดือน
45 ปีขึ้นไป,อาชีพอิสระ,"10,000-20,000 บาท",สตูล,เจลล้างหน้า,เจลล้างหน้า,ร้านค้าเพื่อความสวยงามทั่วไป,ซื้อ,1 เดือน
30-35 ปี,อาชีพอิสระ,"10,000-20,000 บาท",ตรัง,แชมพู,วิตามินบำรุงผม,ร้านค้าเพื่อความสวยงามทั่วไป,ซื้อ,2 เดือน
30-35 ปี,อาชีพอิสระ,"10,000-20,000 บาท",สตูล,ครีมบำรุงผิวหน้า,ครีมบำรุงผิวหน้า,เคาเตอร์แบรนด์ห้างสรรพสินค้า,ซื้อ,1 เดือน
36-40 ปี,อาชีพอิสระ,"10,000-20,000 บาท",สตูล,ครีมบำรุงผิวหน้า,ครีมบำรุงผิวหน้า,ร้านค้าเพื่อความสวยงามทั่วไป,ซื้อ,1 เดือน
30-35 ปี,ธุรกิจส่วนตัว,"10,000-20,000 บาท",ยะลา,เจลล้างมือ,เจลล้างมือ,สินค้า OTOP,ซื้อ,1 เดือน
41-45 ปี,อาชีพอิสระ,"10,000-20,000 บาท",ประจวบคีรีขันธ์,ครีมบำรุงผิวหน้า,ครีมบำรุงผิวหน้า,สินค้า OTOP,ซื้อ,1 เดือน
41-45 ปี,ธุรกิจส่วนตัว,"10,000-20,000 บาท",สุราษฎร์ธานี,ครีมบำรุงผิวหน้า,ครีมกันแดด,ร้านค้าในอินเทอร์เน็ต,ซื้อ,2 เดือน
41-45 ปี,ลูกจ้าง,"10,000-20,000 บาท",สงขลา,สบู่ก้อน,แชมพู,ร้านค้าเพื่อความสวยงามทั่วไป,ซื้อ,1 เดือน
30-35 ปี,ลูกจ้าง,"10,000-20,000 บาท",ประจวบคีรีขันธ์,แชมพู,เจลล้างหน้า,ร้านค้าในอินเทอร์เน็ต,ซื้อ,1 เดือน
45 ปีขึ้นไป,ลูกจ้าง,"20,001-30,000 บาท",กรุงเทพมหานคร,ครีมบำรุงรอบดวงตา,ครีมบำรุงรอบดวงตา,ร้านค้าเพื่อความสวยงามทั่วไป,ซื้อ,1 เดือน
41-45 ปี,ลูกจ้าง,"40,001-50,000 บาท",กรุงเทพมหานคร,แชมพู,แชมพู,เคาเตอร์แบรนด์ห้างสรรพสินค้า,ซื้อ,1 เดือน
30-35 ปี,อาชีพอิสระ,"20,001-30,000 บาท",กรุงเทพมหานคร,ครีมบำรุงผิวหน้า,ครีมบำรุงผิวหน้า,ร้านค้าเพื่อความสวยงามทั่วไป,ซื้อ,3 เดือน
41-45 ปี,ข้าราชการ/รัฐวิสาหกิจ,"20,001-30,000 บาท",นครปฐม,แชมพู,แชมพู,ร้านค้าในอินเทอร์เน็ต,ซื้อ,1 เดือน
41-45 ปี,ข้าราชการ/รัฐวิสาหกิจ,"30,001-40,000 บาท",กรุงเทพมหานคร,สบู่เหลวอาบน้ำ,เจลล้างมือ,สินค้า OTOP,ซื้อ,3 เดือน
41-45 ปี,ธุรกิจส่วนตัว,"20,001-30,000 บาท",สงขลา,เจลล้างหน้า,เจลล้างหน้า,สินค้า OTOP,ไม่ซื้อ,2 เดือน
30-35 ปี,ลูกจ้าง,"30,001-40,000 บาท",ประจวบคีรีขันธ์,ครีมบำรุงผิวหน้า,ครีมบำรุงผิวหน้า,ร้านค้าในอินเทอร์เน็ต,ซื้อ,3 เดือน
41-45 ปี,ข้าราชการ/รัฐวิสาหกิจ,"20,001-30,000 บาท",สงขลา,เจลล้างหน้า,เจลล้างหน้า,ร้านค้าเพื่อความสวยงามทั่วไป,ซื้อ,3 เดือน
41-45 ปี,ข้าราชการ/รัฐวิสาหกิจ,"40,001-50,000 บาท",นครศรีธรรมราช,แชมพู,แชมพู,ร้านค้าเพื่อความสวยงามทั่วไป,ซื้อ,1 เดือน
30-35 ปี,ลูกจ้าง,"40,001-50,000 บาท",นนทบุรี,แชมพู,แชมพู,เคาเตอร์แบรนด์ห้างสรรพสินค้า,ซื้อ,3 เดือน
36-40 ปี,ข้าราชการ/รัฐวิสาหกิจ,"30,001-40,000 บาท",กรุงเทพมหานคร,ครีมบำรุงผิวหน้า,ครีมบำรุงผิวหน้า,เคาเตอร์แบรนด์ห้างสรรพสินค้า,ซื้อ,1 เดือน
41-45 ปี,ลูกจ้าง,"30,001-40,000 บาท",กรุงเทพมหานคร,ครีมบำรุงผิวหน้า,ครีมบำรุงรอบดวงตา,ร้านค้าในอินเทอร์เน็ต,ซื้อ,2 เดือน
45 ปีขึ้นไป,ข้าราชการ/รัฐวิสาหกิจ,"40,001-50,000 บาท",ประจวบคีรีขันธ์,แชมพู,เจลล้างมือ,ร้านค้าในอินเทอร์เน็ต,ซื้อ,3 เดือน
30-35 ปี,ธุรกิจส่วนตัว,"10,000-20,000 บาท",ประจวบคีรีขันธ์,โลชั่นบำรุงผิว,สบู่ก้อน,ร้านค้าในอินเทอร์เน็ต,ซื้อ,1 เดือน
45 ปีขึ้นไป,ข้าราชการ/รัฐวิสาหกิจ,"20,001-30,000 บาท",เชียงใหม่,แชมพู,แชมพู,สินค้า OTOP,ซื้อ,1 เดือน
45 ปีขึ้นไป,อาชีพอิสระ,"10,000-20,000 บาท",เชียงใหม่,แชมพู,ครีมบำรุงผิวหน้า,สินค้า OTOP,ซื้อ,1 เดือน
45 ปีขึ้นไป,ธุรกิจส่วนตัว,"20,001-30,000 บาท",เชียงใหม่,เจลล้างมือ,แชมพู,เคาเตอร์แบรนด์ห้างสรรพสินค้า,ซื้อ,3 เดือน
45 ปีขึ้นไป,ธุรกิจส่วนตัว,"10,000-20,000 บาท",เชียงใหม่,เจลล้างหน้า,โลชั่นบำรุงผิว,เคาเตอร์แบรนด์ห้างสรรพสินค้า,ซื้อ,3 เดือน
45 ปีขึ้นไป,ข้าราชการ/รัฐวิสาหกิจ,"30,001-40,000 บาท",เชียงใหม่,โลชั่นบำรุงผิว,โลชั่นบำรุงผิว,เคาเตอร์แบรนด์ห้างสรรพสินค้า,ซื้อ,3 เดือน
45 ปีขึ้นไป,ข้าราชการ/รัฐวิสาหกิจ,"10,000-20,000 บาท",เชียงใหม่,แชมพู,ครีมบำรุงรอบดวงตา,เคาเตอร์แบรนด์ห้างสรรพสินค้า,ไม่ซื้อ,3 เดือน
30-35 ปี,ลูกจ้าง,"10,000-20,000 บาท",เพชรบุรี,ครีมบำรุงรอบดวงตา,ครีมบำรุงรอบดวงตา,ร้านค้าในอินเทอร์เน็ต,ไม่ซื้อ,3 เดือน
30-35 ปี,ลูกจ้าง,"10,000-20,000 บาท",กระบี่,ครีมบำรุงผิวหน้า,ครีมบำรุงผิวหน้า,ร้านค้าเพื่อความสวยงามทั่วไป,ซื้อ,1 เดือน
30-35 ปี,ธุรกิจส่วนตัว,"10,000-20,000 บาท",กรุงเทพมหานคร,ครีมบำรุงผิวหน้า,วิตามินบำรุงผม,ตัวแทนจำหน่าย(ขายตรง),ไม่ซื้อ,1 เดือน
30-35 ปี,ลูกจ้าง,"10,000-20,000 บาท",เพชรบุรี,เจลล้างมือ,เจลล้างหน้า,ตัวแทนจำหน่าย(ขายตรง),ซื้อ,3 เดือน
30-35 ปี,ลูกจ้าง,"10,000-20,000 บาท",ประจวบคีรีขันธ์,เจลล้างหน้า,เจลล้างหน้า,เคาเตอร์แบรนด์ห้างสรรพสินค้า,ซื้อ,2 เดือน
30-35 ปี,ข้าราชการ/รัฐวิสาหกิจ,"20,001-30,000 บาท",ยะลา,สบู่ก้อน,แชมพู,เคาเตอร์แบรนด์ห้างสรรพสินค้า,ซื้อ,2 เดือน
30-35 ปี,ลูกจ้าง,"10,000-20,000 บาท",ประจวบคีรีขันธ์,แชมพู,เจลล้างมือ,ร้านค้าเพื่อความสวยงามทั่วไป,ซื้อ,1 เดือน
30-35 ปี,ข้าราชการ/รัฐวิสาหกิจ,"10,000-20,000 บาท",ชุมพร,เจลล้างหน้า,ครีมบำรุงรอบดวงตา,สินค้า OTOP,ซื้อ,1 เดือน
45 ปีขึ้นไป,ข้าราชการ/รัฐวิสาหกิจ,"30,001-40,000 บาท",ประจวบคีรีขันธ์,แชมพู,แชมพู,สินค้า OTOP,ซื้อ,2 เดือน
41-45 ปี,ลูกจ้าง,"20,001-30,000 บาท",เชียงใหม่,เจลล้างมือ,โลชั่นบำรุงผิว,เคาเตอร์แบรนด์ห้างสรรพสินค้า,ซื้อ,2 เดือน
30-35 ปี,ข้าราชการ/รัฐวิสาหกิจ,"10,000-20,000 บาท",ปัตตานี,ครีมบำรุงผิวหน้า,เจลล้างมือ,ร้านค้าในอินเทอร์เน็ต,ซื้อ,1 เดือน
30-35 ปี,ลูกจ้าง,"30,001-40,000 บาท",ประจวบคีรีขันธ์,แชมพู,แชมพู,ร้านค้าเพื่อความสวยงามทั่วไป,ซื้อ,2 เดือน
36-40 ปี,ลูกจ้าง,"30,001-40,000 บาท",กรุงเทพมหานคร,ครีมบำรุงผิวหน้า,ครีมบำรุงผิวหน้า,เคาเตอร์แบรนด์ห้างสรรพสินค้า,ซื้อ,3 เดือน
36-40 ปี,อาชีพอิสระ,"10,000-20,000 บาท",กรุงเทพมหานคร,แชมพู,วิตามินบำรุงผม,ร้านค้าเพื่อความสวยงามทั่วไป,ซื้อ,1 เดือน
30-35 ปี,ธุรกิจส่วนตัว,"10,000-20,000 บาท",กรุงเทพมหานคร,แชมพู,แชมพู,ร้านค้าเพื่อความสวยงามทั่วไป,ซื้อ,1 เดือน
36-40 ปี,ข้าราชการ/รัฐวิสาหกิจ,"10,000-20,000 บาท",ยะลา,เจลล้างหน้า,โลชั่นบำรุงผิว,เคาเตอร์แบรนด์ห้างสรรพสินค้า,ซื้อ,1 เดือน
41-45 ปี,ข้าราชการ/รัฐวิสาหกิจ,"30,001-40,000 บาท",ประจวบคีรีขันธ์,ครีมบำรุงผิวหน้า,แชมพู,ร้านค้าในอินเทอร์เน็ต,ซื้อ,2 เดือน
41-45 ปี,ลูกจ้าง,"30,001-40,000 บาท",กรุงเทพมหานคร,เจลล้างหน้า,ครีมบำรุงรอบดวงตา,เคาเตอร์แบรนด์ห้างสรรพสินค้า,ซื้อ,2 เดือน
30-35 ปี,ข้าราชการ/รัฐวิสาหกิจ,"10,000-20,000 บาท",กรุงเทพมหานคร,แชมพู,ครีมกำจัดขน,ร้านค้าเพื่อความสวยงามทั่วไป,ซื้อ,1 เดือน
30-35 ปี,ธุรกิจส่วนตัว,"20,001-30,000 บาท",กรุงเทพมหานคร,แชมพู,เจลล้างหน้า,ร้านค้าเพื่อความสวยงามทั่วไป,ซื้อ,3 เดือน
45 ปีขึ้นไป,อาชีพอิสระ,"20,001-30,000 บาท",กรุงเทพมหานคร,โลชั่นบำรุงผิว,วิตามินบำรุงผม,ร้านค้าเพื่อความสวยงามทั่วไป,ซื้อ,3 เดือน
45 ปีขึ้นไป,ข้าราชการ/รัฐวิสาหกิจ,"30,001-40,000 บาท",ประจวบคีรีขันธ์,โลชั่นบำรุงผิว,สบู่เหลวอาบน้ำ,ร้านค้าเพื่อความสวยงามทั่วไป,ไม่ซื้อ,3 เดือน
36-40 ปี,ข้าราชการ/รัฐวิสาหกิจ,"30,001-40,000 บาท",กรุงเทพมหานคร,แชมพู, เจลล้างหน้า,ตัวแทนจำหน่าย(ขายตรง),ซื้อ,1 เดือน
36-40 ปี,ข้าราชการ/รัฐวิสาหกิจ,"20,001-30,000 บาท",ปัตตานี,เจลล้างหน้า,ครีมบำรุงรอบดวงตา,ร้านค้าเพื่อความสวยงามทั่วไป,ซื้อ,1 เดือน
41-45 ปี,อาชีพอิสระ,"10,000-20,000 บาท",นครพนม,แชมพู,ครีมบำรุงผิวหน้า,ร้านค้าเพื่อความสวยงามทั่วไป,ซื้อ,3 เดือน
36-40 ปี,ข้าราชการ/รัฐวิสาหกิจ,"10,000-20,000 บาท",ยะลา ,แชมพู,เจลล้างมือ,ร้านค้าเพื่อความสวยงามทั่วไป,ซื้อ,1 เดือน
36-40 ปี,ข้าราชการ/รัฐวิสาหกิจ,"20,001-30,000 บาท",ปัตตานี,เจลล้างหน้า,ครีมกันแดด,ร้านค้าเพื่อความสวยงามทั่วไป,ไม่ซื้อ,1 เดือน
30-35 ปี,ข้าราชการ/รัฐวิสาหกิจ,"10,000-20,000 บาท",ปัตตานี,แชมพู,ครีมบำรุงผิวหน้า,สินค้า OTOP,ซื้อ,1 เดือน
30-35 ปี,ข้าราชการ/รัฐวิสาหกิจ,"10,000-20,000 บาท",กรุงเทพมหานคร,แชมพู,เจลล้างหน้า,เคาเตอร์แบรนด์ห้างสรรพสินค้า,ซื้อ,2 เดือน
41-45 ปี,ข้าราชการ/รัฐวิสาหกิจ,"20,001-30,000 บาท",นครปฐม,เจลล้างหน้า,เจลล้างมือ,ร้านค้าในอินเทอร์เน็ต,ซื้อ,2 เดือน
30-35 ปี,ข้าราชการ/รัฐวิสาหกิจ,"10,000-20,000 บาท",สงขลา,เจลล้างมือ,โลชั่นบำรุงผิว,ร้านค้าเพื่อความสวยงามทั่วไป,ซื้อ,2 เดือน
30-35 ปี,อาชีพอิสระ,"10,000-20,000 บาท",ประจวบคีรีขันธ์,แชมพู,เจลล้างมือ,ร้านเสริมสวย,ซื้อ,2 เดือน
45 ปีขึ้นไป,ธุรกิจส่วนตัว,"10,000-20,000 บาท",สงขลา,แชมพู,เจลล้างมือ,สินค้า OTOP,ซื้อ,2 เดือน
36-40 ปี,ข้าราชการ/รัฐวิสาหกิจ,"30,001-40,000 บาท",กรุงเทพมหานคร,โลชั่นบำรุงผิว,เจลล้างมือ,เคาเตอร์แบรนด์ห้างสรรพสินค้า,ซื้อ,3 เดือน
36-40 ปี,ข้าราชการ/รัฐวิสาหกิจ,"20,001-30,000 บาท",ปัตตานี,แชมพู,วิตามินบำรุงผม,ร้านค้าเพื่อความสวยงามทั่วไป,ซื้อ,3 เดือน
30-35 ปี,ลูกจ้าง,"20,001-30,000 บาท",กรุงเทพมหานคร,เจลล้างหน้า,สบู่ก้อน,ร้านค้าเพื่อความสวยงามทั่วไป,ซื้อ,2 เดือน
36-40 ปี,ข้าราชการ/รัฐวิสาหกิจ,"10,000-20,000 บาท",นราธิวาส,แชมพู,สบู่เหลวอาบน้ำ,สินค้า OTOP,ซื้อ,3 เดือน
45 ปีขึ้นไป,ข้าราชการ/รัฐวิสาหกิจ,"40,001-50,000 บาท",ปทุมธานี,ครีมบำรุงผิวหน้า,ครีมบำรุงผิวหน้า,ร้านค้าในอินเทอร์เน็ต,ซื้อ,3 เดือน
30-35 ปี,อาชีพอิสระ,"10,000-20,000 บาท",ประจวบคีรีขันธ์, โลชั่นบำรุงผิว,ครีมบำรุงผิวหน้า,ตัวแทนจำหน่าย(ขายตรง),ซื้อ,1 เดือน
30-35 ปี,อาชีพอิสระ,"10,000-20,000 บาท",ตรัง,สบู่ก้อน,แชมพู,ร้านค้าเพื่อความสวยงามทั่วไป,ซื้อ,1 เดือน
41-45 ปี,ลูกจ้าง,"10,000-20,000 บาท",กระบี่,เจลล้างมือ, เจลล้างมือ,เคาเตอร์แบรนด์ห้างสรรพสินค้า,ซื้อ,1 เดือน
30-35 ปี,ธุรกิจส่วนตัว,"20,001-30,000 บาท",ประจวบคีรีขันธ์,แชมพู,ครีมบำรุงรอบดวงตา,ร้านค้าเพื่อความสวยงามทั่วไป,ซื้อ,1 เดือน
45 ปีขึ้นไป,อาชีพอิสระ,"10,000-20,000 บาท",เชียงใหม่,แชมพู,เจลล้างหน้า,ร้านค้าในอินเทอร์เน็ต,ซื้อ,3 เดือน
36-40 ปี,ลูกจ้าง,"30,001-40,000 บาท",ประจวบคีรีขันธ์,เจลล้างมือ,เจลล้างมือ,สินค้า OTOP,ซื้อ,2 เดือน
30-35 ปี,ลูกจ้าง,"20,001-30,000 บาท",ประจวบคีรีขันธ์,ครีมบำรุงรอบดวงตา, เจลล้างมือ,เคาเตอร์แบรนด์ห้างสรรพสินค้า,ซื้อ,3 เดือน
41-45 ปี,ลูกจ้าง,"30,001-40,000 บาท",เพชรบุรี,เจลล้างหน้า,เจลล้างมือ,เคาเตอร์แบรนด์ห้างสรรพสินค้า,ซื้อ,1 เดือน
41-45 ปี,ลูกจ้าง,"20,001-30,000 บาท",กรุงเทพมหานคร,เจลล้างมือ,โลชั่นบำรุงผิว,เคาเตอร์แบรนด์ห้างสรรพสินค้า,ซื้อ,2 เดือน
41-45 ปี,ธุรกิจส่วนตัว,"40,001-50,000 บาท",กรุงเทพมหานคร,ครีมบำรุงผิวหน้า,วิตามินบำรุงผม,ร้านค้าเพื่อความสวยงามทั่วไป,ซื้อ,3 เดือน
30-35 ปี,ข้าราชการ/รัฐวิสาหกิจ,"20,001-30,000 บาท",นครราชสีมา,ครีมบำรุงผิวหน้า,ครีมบำรุงผิวหน้า,สินค้า OTOP,ซื้อ,2 เดือน
45 ปีขึ้นไป,อาชีพอิสระ,"40,001-50,000 บาท",กรุงเทพมหานคร,เจลล้างมือ,ครีมบำรุงผิวหน้า,ร้านค้าในอินเทอร์เน็ต,ไม่ซื้อ,3 เดือน
30-35 ปี,ลูกจ้าง,"10,000-20,000 บาท",เพชรบุรี, สบู่เหลวอาบน้ำ,สบู่เหลวอาบน้ำ,ร้านค้าเพื่อความสวยงามทั่วไป,ซื้อ,2 เดือน
30-35 ปี,ลูกจ้าง,"40,001-50,000 บาท",กรุงเทพมหานคร,โลชั่นบำรุงผิว,ครีมบำรุงผิวหน้า,เคาเตอร์แบรนด์ห้างสรรพสินค้า,ซื้อ,2 เดือน
30-35 ปี,ลูกจ้าง,"10,000-20,000 บาท",ประจวบคีรีขันธ์,ครีมบำรุงรอบดวงตา,ครีมบำรุงผิวหน้า,เคาเตอร์แบรนด์ห้างสรรพสินค้า,ซื้อ,2 เดือน
41-45 ปี,ข้าราชการ/รัฐวิสาหกิจ,"30,001-40,000 บาท",กรุงเทพมหานคร,วิตามินบำรุงผม,โลชั่นบำรุงผิว,เคาเตอร์แบรนด์ห้างสรรพสินค้า,ซื้อ,2 เดือน
45 ปีขึ้นไป,ข้าราชการ/รัฐวิสาหกิจ,"20,001-30,000 บาท",ลำพูน,แชมพู,สบู่ก้อน,ร้านค้าเพื่อความสวยงามทั่วไป,ซื้อ,3 เดือน
30-35 ปี,ลูกจ้าง,"20,001-30,000 บาท",นนทบุรี,โลชั่นบำรุงผิว,ครีมบำรุงผิวหน้า,ร้านค้าในอินเทอร์เน็ต,ไม่ซื้อ,2 เดือน
36-40 ปี,ข้าราชการ/รัฐวิสาหกิจ,"20,001-30,000 บาท",ประจวบคีรีขันธ์,เจลล้างมือ,สบู่เหลวอาบน้ำ,ร้านค้าในอินเทอร์เน็ต,ซื้อ,1 เดือน
30-35 ปี,ลูกจ้าง,"20,001-30,000 บาท",กรุงเทพมหานคร,ครีมบำรุงผิวหน้า,เจลล้างมือ,ร้านค้าในอินเทอร์เน็ต,ซื้อ,1 เดือน
45 ปีขึ้นไป,ข้าราชการ/รัฐวิสาหกิจ,"30,001-40,000 บาท",ลำพูน,แชมพู,แชมพู,ร้านค้าเพื่อความสวยงามทั่วไป,ซื้อ,2 เดือน
30-35 ปี,อาชีพอิสระ,"10,000-20,000 บาท",ประจวบคีรีขันธ์,โลชั่นบำรุงผิว,ครีมบำรุงรอบดวงตา,ร้านค้าเพื่อความสวยงามทั่วไป,ซื้อ,3 เดือน
36-40 ปี,ลูกจ้าง,"40,001-50,000 บาท",ประจวบคีรีขันธ์,เจลล้างหน้า,เจลล้างหน้า,เคาเตอร์แบรนด์ห้างสรรพสินค้า,ซื้อ,1 เดือน
45 ปีขึ้นไป,อาชีพอิสระ,"10,000-20,000 บาท",อุดรธานี,แชมพู,ครีมบำรุงผิวหน้า,สินค้า OTOP,ซื้อ,3 เดือน
45 ปีขึ้นไป,ข้าราชการ/รัฐวิสาหกิจ,"20,001-30,000 บาท",นนทบุรี,แชมพู,สบู่ก้อน,ตัวแทนจำหน่าย(ขายตรง),ซื้อ,3 เดือน
41-45 ปี,ข้าราชการ/รัฐวิสาหกิจ,"20,001-30,000 บาท",ปัตตานี,ครีมบำรุงรอบดวงตา,เจลล้างหน้า,ร้านค้าเพื่อความสวยงามทั่วไป,ซื้อ,2 เดือน
36-40 ปี,ธุรกิจส่วนตัว,"10,000-20,000 บาท",กรุงเทพมหานคร,ครีมบำรุงผิวหน้า,ครีมบำรุงผิวหน้า,ร้านค้าเพื่อความสวยงามทั่วไป,ซื้อ,2 เดือน
45 ปีขึ้นไป,ข้าราชการ/รัฐวิสาหกิจ,"20,001-30,000 บาท",เชียงใหม่,แชมพู,แชมพู,ร้านค้าเพื่อความสวยงามทั่วไป,ซื้อ,2 เดือน
45 ปีขึ้นไป,ข้าราชการ/รัฐวิสาหกิจ,"40,001-50,000 บาท",ลำพูน,วิตามินบำรุงผม,เจลล้างมือ,ร้านค้าเพื่อความสวยงามทั่วไป,ซื้อ,3 เดือน
41-45 ปี,ข้าราชการ/รัฐวิสาหกิจ,"40,001-50,000 บาท",สงขลา,โลชั่นบำรุงผิว,แชมพู,เคาเตอร์แบรนด์ห้างสรรพสินค้า,ซื้อ,2 เดือน
30-35 ปี,ธุรกิจส่วนตัว,"10,000-20,000 บาท",ชุมพร, ครีมบำรุงผิวหน้า,แชมพู,เคาเตอร์แบรนด์ห้างสรรพสินค้า,ซื้อ,3 เดือน
30-35 ปี,ลูกจ้าง,"20,001-30,000 บาท",กรุงเทพมหานคร, เจลล้างมือ,โลชั่นบำรุงผิว,ร้านค้าในอินเทอร์เน็ต,ซื้อ,3 เดือน
30-35 ปี,ธุรกิจส่วนตัว,"10,000-20,000 บาท",กรุงเทพมหานคร,สบู่เหลวอาบน้ำ, สบู่เหลวอาบน้ำ,เคาเตอร์แบรนด์ห้างสรรพสินค้า,ซื้อ,2 เดือน
36-40 ปี,อาชีพอิสระ,"10,000-20,000 บาท",ประจวบคีรีขันธ์,สบู่เหลวอาบน้ำ, สบู่เหลวอาบน้ำ,เคาเตอร์แบรนด์ห้างสรรพสินค้า,ซื้อ,3 เดือน
30-35 ปี,ลูกจ้าง,"40,001-50,000 บาท",นนทบุรี,เจลล้างมือ,โลชั่นบำรุงผิว,ร้านค้าในอินเทอร์เน็ต,ซื้อ,2 เดือน
30-35 ปี,ข้าราชการ/รัฐวิสาหกิจ,"20,001-30,000 บาท",กรุงเทพมหานคร,แชมพู,ครีมบำรุงรอบดวงตา,เคาเตอร์แบรนด์ห้างสรรพสินค้า,ซื้อ,2 เดือน
36-40 ปี,ข้าราชการ/รัฐวิสาหกิจ,"20,001-30,000 บาท",กรุงเทพมหานคร,เจลล้างมือ, โลชั่นบำรุงผิว,ร้านค้าในอินเทอร์เน็ต,ซื้อ,2 เดือน
30-35 ปี,อาชีพอิสระ,"10,000-20,000 บาท",ประจวบคีรีขันธ์,ครีมบำรุงผิวหน้า,โลชั่นบำรุงผิว,ร้านค้าเพื่อความสวยงามทั่วไป,ซื้อ,1 เดือน
30-35 ปี,ลูกจ้าง,"10,000-20,000 บาท",สงขลา,ครีมบำรุงผิวหน้า, โลชั่นบำรุงผิว,ร้านค้าเพื่อความสวยงามทั่วไป,ซื้อ,2 เดือน
36-40 ปี,ลูกจ้าง,"20,001-30,000 บาท",นนทบุรี,ครีมบำรุงผิวหน้า,ครีมกันแดด,เคาเตอร์แบรนด์ห้างสรรพสินค้า,ซื้อ,1 เดือน
36-40 ปี,ธุรกิจส่วนตัว,"10,000-20,000 บาท",กรุงเทพมหานคร,แชมพู, สบู่ก้อน,สินค้า OTOP,ซื้อ,3 เดือน
36-40 ปี,ลูกจ้าง,"30,001-40,000 บาท",กรุงเทพมหานคร,ครีมบำรุงผิวหน้า, สบู่ก้อน,ร้านค้าเพื่อความสวยงามทั่วไป,ซื้อ,2 เดือน
41-45 ปี,อาชีพอิสระ,"20,001-30,000 บาท",นนทบุรี,ครีมบำรุงรอบดวงตา,เจลล้างมือ,ร้านค้าเพื่อความสวยงามทั่วไป,ซื้อ,2 เดือน
30-35 ปี,ข้าราชการ/รัฐวิสาหกิจ,"20,001-30,000 บาท",ชลบุรี,สบู่ก้อน,สบู่เหลวอาบน้ำ,ร้านค้าเพื่อความสวยงามทั่วไป,ซื้อ,1 เดือน
36-40 ปี,ลูกจ้าง,"20,001-30,000 บาท",กรุงเทพมหานคร,แชมพู,เจลล้างหน้า,เคาเตอร์แบรนด์ห้างสรรพสินค้า,ซื้อ,1 เดือน
30-35 ปี,ลูกจ้าง,"20,001-30,000 บาท",กรุงเทพมหานคร,ครีมบำรุงผิวหน้า,เจลล้างหน้า,เคาเตอร์แบรนด์ห้างสรรพสินค้า,ซื้อ,2 เดือน
36-40 ปี,ลูกจ้าง,"30,001-40,000 บาท",ประจวบคีรีขันธ์,แชมพู,แชมพู,ร้านค้าในอินเทอร์เน็ต,ซื้อ,1 เดือน
30-35 ปี,ลูกจ้าง,"10,000-20,000 บาท",ปัตตานี,แชมพู,แชมพู,สินค้า OTOP,ไม่ซื้อ,1 เดือน
36-40 ปี,ธุรกิจส่วนตัว,"10,000-20,000 บาท",ระยอง,แชมพู,ครีมบำรุงผิวหน้า,ร้านค้าเพื่อความสวยงามทั่วไป,ซื้อ,1 เดือน
30-35 ปี,ธุรกิจส่วนตัว,"20,001-30,000 บาท",พังงา,เจลล้างหน้า,สบู่ทำความสะอาดจุดซ้อนเร้น,เคาเตอร์แบรนด์ห้างสรรพสินค้า,ซื้อ,1 เดือน
36-40 ปี,ลูกจ้าง,"10,000-20,000 บาท",นครศรีธรรมราช,ครีมบำรุงผิวหน้า,ครีมบำรุงผิวหน้า,ร้านค้าเพื่อความสวยงามทั่วไป,ซื้อ,2 เดือน
30-35 ปี,ธุรกิจส่วนตัว,"10,000-20,000 บาท",นครศรีธรรมราช,เจลล้างหน้า, ครีมบำรุงผิวหน้า,ตัวแทนจำหน่าย(ขายตรง),ซื้อ,1 เดือน
30-35 ปี,ลูกจ้าง,"10,000-20,000 บาท",สุราษฎร์ธานี,โลชั่นบำรุงผิว,เจลล้างหน้า,เคาเตอร์แบรนด์ห้างสรรพสินค้า,ซื้อ,1 เดือน
36-40 ปี,ลูกจ้าง,"20,001-30,000 บาท",กรุงเทพมหานคร,เจลล้างมือ, โลชั่นบำรุงผิว,เคาเตอร์แบรนด์ห้างสรรพสินค้า,ซื้อ,2 เดือน
36-40 ปี,ธุรกิจส่วนตัว,"20,001-30,000 บาท",ฉะเชิงเทรา,แชมพู,สบู่ทำความสะอาดจุดซ้อนเร้น,เคาเตอร์แบรนด์ห้างสรรพสินค้า,ซื้อ,2 เดือน
30-35 ปี,ลูกจ้าง,"10,000-20,000 บาท",สุราษฎร์ธานี,แชมพู,โลชั่นบำรุงผิว,ร้านค้าในอินเทอร์เน็ต,ซื้อ,2 เดือน
30-35 ปี,ลูกจ้าง,"40,001-50,000 บาท",สมุทรสาคร, สบู่เหลวอาบน้ำ,เจลล้างมือ,ร้านค้าในอินเทอร์เน็ต,ซื้อ,3 เดือน
30-35 ปี,ลูกจ้าง,"10,000-20,000 บาท",ประจวบคีรีขันธ์,ครีมบำรุงรอบดวงตา,เจลล้างมือ,ร้านค้าเพื่อความสวยงามทั่วไป,ซื้อ,1 เดือน
30-35 ปี,ลูกจ้าง,"20,001-30,000 บาท",ประจวบคีรีขันธ์,ครีมบำรุงผิวหน้า,ครีมบำรุงรอบดวงตา,ร้านค้าในอินเทอร์เน็ต,ซื้อ,2 เดือน
36-40 ปี,ธุรกิจส่วนตัว,"10,000-20,000 บาท",ประจวบคีรีขันธ์,ครีมกันแดด,ครีมกันแดด,ร้านค้าเพื่อความสวยงามทั่วไป,ซื้อ,3 เดือน
30-35 ปี,ธุรกิจส่วนตัว,"10,000-20,000 บาท",นนทบุรี,โลชั่นบำรุงผิว,สบู่เหลวอาบน้ำ,สินค้า OTOP,ซื้อ,2 เดือน
30-35 ปี,ลูกจ้าง,"20,001-30,000 บาท",กรุงเทพมหานคร,ครีมบำรุงผิวหน้า,ครีมบำรุงผิวหน้า,ร้านค้าในอินเทอร์เน็ต,ซื้อ,1 เดือน
36-40 ปี,ธุรกิจส่วนตัว,"40,001-50,000 บาท",พัทลุง,สบู่เหลวอาบน้ำ,เจลล้างมือ,ร้านค้าเพื่อความสวยงามทั่วไป,ซื้อ,1 เดือน
36-40 ปี,ข้าราชการ/รัฐวิสาหกิจ,"20,001-30,000 บาท",สุราษฎร์ธานี,เจลล้างหน้า,เจลล้างหน้า,ร้านค้าเพื่อความสวยงามทั่วไป,ซื้อ,2 เดือน
30-35 ปี,ลูกจ้าง,"20,001-30,000 บาท",นครปฐม,เจลล้างหน้า,เจลล้างมือ,ร้านค้าเพื่อความสวยงามทั่วไป,ซื้อ,1 เดือน
30-35 ปี,ลูกจ้าง,"10,000-20,000 บาท",สุพรรณบุรี,แชมพู,โลชั่นบำรุงผิว,เคาเตอร์แบรนด์ห้างสรรพสินค้า,ซื้อ,3 เดือน
30-35 ปี,ลูกจ้าง,"20,001-30,000 บาท",ปทุมธานี,เจลล้างหน้า,สบู่ก้อน,เคาเตอร์แบรนด์ห้างสรรพสินค้า,ซื้อ,1 เดือน
36-40 ปี,ข้าราชการ/รัฐวิสาหกิจ,"40,001-50,000 บาท",พัทลุง,สบู่เหลวอาบน้ำ,สบู่เหลวอาบน้ำ,เคาเตอร์แบรนด์ห้างสรรพสินค้า,ซื้อ,3 เดือน
30-35 ปี,ลูกจ้าง,"20,001-30,000 บาท",พัทลุง,แชมพู,เจลล้างมือ,สินค้า OTOP,ซื้อ,2 เดือน
36-40 ปี,ลูกจ้าง,"30,001-40,000 บาท",กรุงเทพมหานคร,โลชั่นบำรุงผิว,แชมพู,สินค้า OTOP,ซื้อ,1 เดือน
45 ปีขึ้นไป,อาชีพอิสระ,"10,000-20,000 บาท",นครศรีธรรมราช,แชมพู,แชมพู,เคาเตอร์แบรนด์ห้างสรรพสินค้า,ซื้อ,2 เดือน
30-35 ปี,ลูกจ้าง,"10,000-20,000 บาท",กรุงเทพมหานคร,ครีมบำรุงผิวหน้า,สบู่ทำความสะอาดจุดซ้อนเร้น,ร้านค้าในอินเทอร์เน็ต,ซื้อ,3 เดือน
30-35 ปี,ธุรกิจส่วนตัว,"10,000-20,000 บาท",ประจวบคีรีขันธ์,เจลล้างมือ,ครีมกันแดด,ร้านค้าเพื่อความสวยงามทั่วไป,ซื้อ,2 เดือน
30-35 ปี,ลูกจ้าง,"20,001-30,000 บาท",ประจวบคีรีขันธ์,เจลล้างมือ,ครีมบำรุงผิวหน้า,เคาเตอร์แบรนด์ห้างสรรพสินค้า,ซื้อ,1 เดือน
36-40 ปี,ธุรกิจส่วนตัว,"10,000-20,000 บาท",กรุงเทพมหานคร,แชมพู,สบู่ก้อน,ร้านค้าเพื่อความสวยงามทั่วไป,ซื้อ,1 เดือน
30-35 ปี,ธุรกิจส่วนตัว,"40,001-50,000 บาท",กรุงเทพมหานคร,เจลล้างหน้า,เจลล้างหน้า,สินค้า OTOP,ไม่ซื้อ,3 เดือน
41-45 ปี,ธุรกิจส่วนตัว,"10,000-20,000 บาท",พัทลุง,แชมพู,แชมพู,สินค้า OTOP,ซื้อ,2 เดือน
36-40 ปี,ข้าราชการ/รัฐวิสาหกิจ,"30,001-40,000 บาท",ลพบุรี,แชมพู,แชมพู,เคาเตอร์แบรนด์ห้างสรรพสินค้า,ซื้อ,1 เดือน
30-35 ปี,ธุรกิจส่วนตัว,"10,000-20,000 บาท",ประจวบคีรีขันธ์,โลชั่นบำรุงผิว,ครีมบำรุงรอบดวงตา,ร้านค้าเพื่อความสวยงามทั่วไป,ซื้อ,1 เดือน
36-40 ปี,ธุรกิจส่วนตัว,"20,001-30,000 บาท",สิงห์บุรี,โลชั่นบำรุงผิว,เจลล้างมือ,เคาเตอร์แบรนด์ห้างสรรพสินค้า,ซื้อ,2 เดือน
36-40 ปี,อาชีพอิสระ,"10,000-20,000 บาท",กรุงเทพมหานคร,แชมพู,ครีมกันแดด,ร้านค้าเพื่อความสวยงามทั่วไป,ซื้อ,1 เดือน
36-40 ปี,ข้าราชการ/รัฐวิสาหกิจ,"20,001-30,000 บาท",ภูเก็ต,โลชั่นบำรุงผิว,สบู่เหลวอาบน้ำ,ร้านค้าเพื่อความสวยงามทั่วไป,ซื้อ,2 เดือน
30-35 ปี,ลูกจ้าง,"40,001-50,000 บาท",กรุงเทพมหานคร,เจลล้างมือ,แชมพู,ร้านค้าในอินเทอร์เน็ต,ซื้อ,1 เดือน
30-35 ปี,ลูกจ้าง,"40,001-50,000 บาท",กรุงเทพมหานคร,เจลล้างมือ,แชมพู,ร้านค้าในอินเทอร์เน็ต,ซื้อ,1 เดือน
30-35 ปี,ลูกจ้าง,"40,001-50,000 บาท",กรุงเทพมหานคร,แชมพู,แชมพู,เคาเตอร์แบรนด์ห้างสรรพสินค้า,ซื้อ,3 เดือน
30-35 ปี,ลูกจ้าง,"20,001-30,000 บาท",กรุงเทพมหานคร,เจลล้างหน้า,โลชั่นบำรุงผิว,เคาเตอร์แบรนด์ห้างสรรพสินค้า,ซื้อ,2 เดือน
30-35 ปี,อาชีพอิสระ,"10,000-20,000 บาท",นครศรีธรรมราช,ครีมกันแดด,เจลล้างมือ,ร้านค้าในอินเทอร์เน็ต,ไม่ซื้อ,3 เดือน
41-45 ปี,ลูกจ้าง,"20,001-30,000 บาท",กรุงเทพมหานคร,แชมพู,สบู่ก้อน,ร้านค้าเพื่อความสวยงามทั่วไป,ซื้อ,3 เดือน
30-35 ปี,ลูกจ้าง,"10,000-20,000 บาท",พัทลุง,แชมพู,แชมพู,ร้านค้าเพื่อความสวยงามทั่วไป,ซื้อ,2 เดือน
45 ปีขึ้นไป,อาชีพอิสระ,"10,000-20,000 บาท",ตรัง,ครีมกันแดด,สบู่ทำความสะอาดจุดซ้อนเร้น,ร้านค้าเพื่อความสวยงามทั่วไป,ซื้อ,1 เดือน
30-35 ปี,ข้าราชการ/รัฐวิสาหกิจ,"30,001-40,000 บาท",พัทลุง,เจลล้างมือ,แชมพู,เคาเตอร์แบรนด์ห้างสรรพสินค้า,ซื้อ,2 เดือน
36-40 ปี,ข้าราชการ/รัฐวิสาหกิจ,"20,001-30,000 บาท",พัทลุง,แชมพู,สบู่ทำความสะอาดจุดซ้อนเร้น,ร้านค้าเพื่อความสวยงามทั่วไป,ซื้อ,3 เดือน
45 ปีขึ้นไป,ข้าราชการ/รัฐวิสาหกิจ,"40,001-50,000 บาท",สตูล,แชมพู,แชมพู,เคาเตอร์แบรนด์ห้างสรรพสินค้า,ซื้อ,2 เดือน
36-40 ปี,อาชีพอิสระ,"10,000-20,000 บาท",พัทลุง,เจลล้างมือ,สบู่ก้อน,เคาเตอร์แบรนด์ห้างสรรพสินค้า,ไม่ซื้อ,3 เดือน
30-35 ปี,ข้าราชการ/รัฐวิสาหกิจ,"30,001-40,000 บาท",กรุงเทพมหานคร,โลชั่นบำรุงผิว,สบู่เหลวอาบน้ำ,สินค้า OTOP,ซื้อ,3 เดือน
30-35 ปี,ลูกจ้าง,"40,001-50,000 บาท",นครปฐม,เจลล้างหน้า,เจลล้างหน้า,ร้านค้าในอินเทอร์เน็ต,ซื้อ,2 เดือน
30-35 ปี,ธุรกิจส่วนตัว,"40,001-50,000 บาท",กรุงเทพมหานคร,โลชั่นบำรุงผิว,โลชั่นบำรุงผิว,ร้านค้าในอินเทอร์เน็ต,ไม่ซื้อ,1 เดือน
30-35 ปี,ลูกจ้าง,"20,001-30,000 บาท",สมุทรปราการ,โลชั่นบำรุงผิว,สบู่ก้อน,เคาเตอร์แบรนด์ห้างสรรพสินค้า,ซื้อ,1 เดือน
30-35 ปี,ลูกจ้าง,"10,000-20,000 บาท",กรุงเทพมหานคร,โลชั่นบำรุงผิว,สบู่ก้อน,ร้านค้าในอินเทอร์เน็ต,ซื้อ,2 เดือน
30-35 ปี,ลูกจ้าง,"10,000-20,000 บาท",กรุงเทพมหานคร,โลชั่นบำรุงผิว,ครีมกันแดด,ร้านค้าเพื่อความสวยงามทั่วไป,ซื้อ,2 เดือน
41-45 ปี,ข้าราชการ/รัฐวิสาหกิจ,"30,001-40,000 บาท",พัทลุง,แชมพู,เจลล้างหน้า,เคาเตอร์แบรนด์ห้างสรรพสินค้า,ซื้อ,2 เดือน
30-35 ปี,ธุรกิจส่วนตัว,"20,001-30,000 บาท",ขอนแก่น,ครีมบำรุงผิวหน้า,ครีมบำรุงผิวหน้า,เคาเตอร์แบรนด์ห้างสรรพสินค้า,ซื้อ,1 เดือน
30-35 ปี,ลูกจ้าง,"20,001-30,000 บาท",กรุงเทพมหานคร,แชมพู,สบู่เหลวอาบน้ำ,ร้านค้าเพื่อความสวยงามทั่วไป,ซื้อ,2 เดือน
30-35 ปี,ข้าราชการ/รัฐวิสาหกิจ,"10,000-20,000 บาท",กรุงเทพมหานคร,โลชั่นบำรุงผิว,เจลล้างมือ,ร้านค้าในอินเทอร์เน็ต,ซื้อ,2 เดือน
36-40 ปี,ธุรกิจส่วนตัว,"20,001-30,000 บาท",สิงห์บุรี,โลชั่นบำรุงผิว,เจลล้างมือ,เคาเตอร์แบรนด์ห้างสรรพสินค้า,ซื้อ,2 เดือน
45 ปีขึ้นไป,ข้าราชการ/รัฐวิสาหกิจ,"20,001-30,000 บาท",นนทบุรี,เจลล้างหน้า,เจลล้างหน้า,เคาเตอร์แบรนด์ห้างสรรพสินค้า,ซื้อ,1 เดือน
30-35 ปี,ลูกจ้าง,"40,001-50,000 บาท",กรุงเทพมหานคร,ครีมบำรุงผิวหน้า,วิตามินบำรุงผม,ร้านค้าเพื่อความสวยงามทั่วไป,ซื้อ,2 เดือน
30-35 ปี,อาชีพอิสระ,"10,000-20,000 บาท",กรุงเทพมหานคร,เจลล้างหน้า,เจลล้างหน้า,ร้านค้าในอินเทอร์เน็ต,ซื้อ,1 เดือน
36-40 ปี,ลูกจ้าง,"20,001-30,000 บาท",กรุงเทพมหานคร,แชมพู,เจลล้างมือ,เคาเตอร์แบรนด์ห้างสรรพสินค้า,ซื้อ,1 เดือน
36-40 ปี,ข้าราชการ/รัฐวิสาหกิจ,"20,001-30,000 บาท",พังงา,โลชั่นบำรุงผิว,โลชั่นบำรุงผิว,เคาเตอร์แบรนด์ห้างสรรพสินค้า,ซื้อ,3 เดือน
45 ปีขึ้นไป,ข้าราชการ/รัฐวิสาหกิจ,"40,001-50,000 บาท",สุราษฎร์ธานี,โลชั่นบำรุงผิว,แชมพู,ร้านค้าเพื่อความสวยงามทั่วไป,ซื้อ,3 เดือน
36-40 ปี,อาชีพอิสระ,"10,000-20,000 บาท",นครศรีธรรมราช,แชมพู,แชมพู,เคาเตอร์แบรนด์ห้างสรรพสินค้า,ซื้อ,1 เดือน
30-35 ปี,ธุรกิจส่วนตัว,"20,001-30,000 บาท",สงขลา,วิตามินบำรุงผม,เจลล้างหน้า,เคาเตอร์แบรนด์ห้างสรรพสินค้า,ซื้อ,1 เดือน
30-35 ปี,ข้าราชการ/รัฐวิสาหกิจ,"10,000-20,000 บาท",กรุงเทพมหานคร,ครีมบำรุงผิวหน้า,เจลล้างหน้า,เคาเตอร์แบรนด์ห้างสรรพสินค้า,ซื้อ,1 เดือน
36-40 ปี,อาชีพอิสระ,"10,000-20,000 บาท",สงขลา,โลชั่นบำรุงผิว,โลชั่นบำรุงผิว,ร้านค้าเพื่อความสวยงามทั่วไป,ซื้อ,1 เดือน
45 ปีขึ้นไป,ข้าราชการ/รัฐวิสาหกิจ,"20,001-30,000 บาท",กรุงเทพมหานคร,โลชั่นบำรุงผิว,โลชั่นบำรุงผิว,ร้านค้าเพื่อความสวยงามทั่วไป,ซื้อ,2 เดือน
45 ปีขึ้นไป,ข้าราชการ/รัฐวิสาหกิจ,"40,001-50,000 บาท",นครศรีธรรมราช,แชมพู,แชมพู,เคาเตอร์แบรนด์ห้างสรรพสินค้า,ซื้อ,1 เดือน
41-45 ปี,ข้าราชการ/รัฐวิสาหกิจ,"20,001-30,000 บาท",นนทบุรี,โลชั่นบำรุงผิว,สบู่ทำความสะอาดจุดซ้อนเร้น,ร้านค้าเพื่อความสวยงามทั่วไป,ซื้อ,2 เดือน
36-40 ปี,ลูกจ้าง,"10,000-20,000 บาท",กระบี่,แชมพู,แชมพู,ร้านค้าเพื่อความสวยงามทั่วไป,ซื้อ,1 เดือน
36-40 ปี,ลูกจ้าง,"10,000-20,000 บาท",กระบี่,แชมพู,สบู่ทำความสะอาดจุดซ้อนเร้น,ร้านค้าเพื่อความสวยงามทั่วไป,ซื้อ,1 เดือน
30-35 ปี,ลูกจ้าง,"10,000-20,000 บาท",กระบี่,โลชั่นบำรุงผิว,เจลล้างหน้า,ร้านค้าเพื่อความสวยงามทั่วไป,ซื้อ,1 เดือน
30-35 ปี,อาชีพอิสระ,"10,000-20,000 บาท",ประจวบคีรีขันธ์,โลชั่นบำรุงผิว,ครีมบำรุงผิวหน้า,เคาเตอร์แบรนด์ห้างสรรพสินค้า,ซื้อ,1 เดือน
30-35 ปี,ธุรกิจส่วนตัว,"10,000-20,000 บาท",ราชบุรี,โลชั่นบำรุงผิว,แชมพู,ร้านค้าเพื่อความสวยงามทั่วไป,ไม่ซื้อ,1 เดือน
30-35 ปี,ลูกจ้าง,"10,000-20,000 บาท",ชุมพร,แชมพู,เจลล้างมือ,ร้านค้าเพื่อความสวยงามทั่วไป,ซื้อ,1 เดือน
45 ปีขึ้นไป,ข้าราชการ/รัฐวิสาหกิจ,"40,001-50,000 บาท",ปทุมธานี,โลชั่นบำรุงผิว,โลชั่นบำรุงผิว,ร้านค้าเพื่อความสวยงามทั่วไป,ซื้อ,1 เดือน
30-35 ปี,ลูกจ้าง,"10,000-20,000 บาท",กรุงเทพมหานคร,โลชั่นบำรุงผิว,โลชั่นบำรุงผิว,ร้านค้าเพื่อความสวยงามทั่วไป,ซื้อ,2 เดือน
30-35 ปี,ธุรกิจส่วนตัว,"10,000-20,000 บาท",สุราษฎร์ธานี,ครีมบำรุงผิวหน้า,สบู่ก้อน,ตัวแทนจำหน่าย(ขายตรง),ซื้อ,3 เดือน
30-35 ปี,อาชีพอิสระ,"10,000-20,000 บาท",ประจวบคีรีขันธ์,ครีมบำรุงผิวหน้า,ครีมบำรุงผิวหน้า,ร้านค้าเพื่อความสวยงามทั่วไป,ซื้อ,1 เดือน
30-35 ปี,ธุรกิจส่วนตัว,"30,001-40,000 บาท",เชียงใหม่,แชมพู,แชมพู,ตัวแทนจำหน่าย(ขายตรง),ซื้อ,1 เดือน
36-40 ปี,ข้าราชการ/รัฐวิสาหกิจ,"40,001-50,000 บาท",นนทบุรี,เจลล้างหน้า,เจลล้างหน้า,เคาเตอร์แบรนด์ห้างสรรพสินค้า,ซื้อ,2 เดือน
30-35 ปี,ธุรกิจส่วนตัว,"10,000-20,000 บาท",สุราษฎร์ธานี,ครีมบำรุงผิวหน้า,แชมพู,ร้านค้าในอินเทอร์เน็ต,ซื้อ,1 เดือน
36-40 ปี,ธุรกิจส่วนตัว,"10,000-20,000 บาท",สุราษฎร์ธานี,โลชั่นบำรุงผิว,ครีมบำรุงรอบดวงตา,ร้านค้าเพื่อความสวยงามทั่วไป,ไม่ซื้อ,1 เดือน
41-45 ปี,ข้าราชการ/รัฐวิสาหกิจ,"40,001-50,000 บาท",พระนครศรีอยุธยา,แชมพู,แชมพู,สินค้า OTOP,ซื้อ,3 เดือน
30-35 ปี,ลูกจ้าง,"10,000-20,000 บาท",เพชรบุรี,แชมพู,สบู่ทำความสะอาดจุดซ้อนเร้น,เคาเตอร์แบรนด์ห้างสรรพสินค้า,ซื้อ,1 เดือน
30-35 ปี,ธุรกิจส่วนตัว,"10,000-20,000 บาท",ประจวบคีรีขันธ์,เจลล้างหน้า,สบู่เหลวอาบน้ำ,เคาเตอร์แบรนด์ห้างสรรพสินค้า,ซื้อ,1 เดือน
30-35 ปี,อาชีพอิสระ,"10,000-20,000 บาท",ประจวบคีรีขันธ์,เจลล้างมือ,เจลล้างมือ,ร้านค้าในอินเทอร์เน็ต,ซื้อ,2 เดือน
45 ปีขึ้นไป,ข้าราชการ/รัฐวิสาหกิจ,"40,001-50,000 บาท",ปทุมธานี,ครีมบำรุงผิวหน้า,แชมพู,ร้านค้าเพื่อความสวยงามทั่วไป,ซื้อ,1 เดือน
30-35 ปี,ข้าราชการ/รัฐวิสาหกิจ,"10,000-20,000 บาท",พัทลุง,โลชั่นบำรุงผิว,เจลล้างหน้า,ร้านค้าในอินเทอร์เน็ต,ซื้อ,1 เดือน
36-40 ปี,อาชีพอิสระ,"10,000-20,000 บาท",สุราษฎร์ธานี,แชมพู,สบู่ทำความสะอาดจุดซ้อนเร้น,สินค้า OTOP,ซื้อ,2 เดือน
45 ปีขึ้นไป,ข้าราชการ/รัฐวิสาหกิจ,"40,001-50,000 บาท",ปทุมธานี,แชมพู,แชมพู,เคาเตอร์แบรนด์ห้างสรรพสินค้า,ซื้อ,1 เดือน
30-35 ปี,ธุรกิจส่วนตัว,"10,000-20,000 บาท",สุราษฎร์ธานี,แชมพู,เจลล้างหน้า,ร้านค้าเพื่อความสวยงามทั่วไป,ซื้อ,1 เดือน
41-45 ปี,ข้าราชการ/รัฐวิสาหกิจ,"30,001-40,000 บาท",บุรีรัมย์,แชมพู,สบู่ทำความสะอาดจุดซ้อนเร้น,เคาเตอร์แบรนด์ห้างสรรพสินค้า,ซื้อ,1 เดือน
30-35 ปี,ข้าราชการ/รัฐวิสาหกิจ,"40,001-50,000 บาท",กรุงเทพมหานคร,เจลล้างหน้า,สบู่ทำความสะอาดจุดซ้อนเร้น,เคาเตอร์แบรนด์ห้างสรรพสินค้า,ซื้อ,1 เดือน
41-45 ปี,ข้าราชการ/รัฐวิสาหกิจ,"40,001-50,000 บาท",ร้อยเอ็ด,แชมพู,เจลล้างมือ,สินค้า OTOP,ซื้อ,3 เดือน
41-45 ปี,ข้าราชการ/รัฐวิสาหกิจ,"20,001-30,000 บาท",นครสวรรค์,โลชั่นบำรุงผิว,สบู่ทำความสะอาดจุดซ้อนเร้น,เคาเตอร์แบรนด์ห้างสรรพสินค้า,ซื้อ,1 เดือน
30-35 ปี,อาชีพอิสระ,"10,000-20,000 บาท",กรุงเทพมหานคร,ครีมกันแดด,โลชั่นบำรุงผิว,ร้านค้าในอินเทอร์เน็ต,ซื้อ,2 เดือน
30-35 ปี,ลูกจ้าง,"10,000-20,000 บาท",ชลบุรี,เจลล้างมือ,เจลล้างหน้า,เคาเตอร์แบรนด์ห้างสรรพสินค้า,ซื้อ,2 เดือน
45 ปีขึ้นไป,อาชีพอิสระ,"40,001-50,000 บาท",บุรีรัมย์,โลชั่นบำรุงผิว,สบู่เหลวอาบน้ำ,เคาเตอร์แบรนด์ห้างสรรพสินค้า,ซื้อ,1 เดือน
41-45 ปี,ธุรกิจส่วนตัว,"40,001-50,000 บาท",บุรีรัมย์,แชมพู,สบู่ก้อน,สินค้า OTOP,ไม่ซื้อ,3 เดือน
30-35 ปี,อาชีพอิสระ,"10,000-20,000 บาท",บุรีรัมย์,โลชั่นบำรุงผิว,ครีมบำรุงผิวหน้า,ร้านค้าเพื่อความสวยงามทั่วไป,ซื้อ,1 เดือน
30-35 ปี,อาชีพอิสระ,"10,000-20,000 บาท",บุรีรัมย์,ครีมบำรุงผิวหน้า,โลชั่นบำรุงผิว,ร้านค้าเพื่อความสวยงามทั่วไป,ซื้อ,2 เดือน
41-45 ปี,ข้าราชการ/รัฐวิสาหกิจ,"40,001-50,000 บาท",บุรีรัมย์,แชมพู,โลชั่นบำรุงผิว,เคาเตอร์แบรนด์ห้างสรรพสินค้า,ซื้อ,3 เดือน
41-45 ปี,ข้าราชการ/รัฐวิสาหกิจ,"30,001-40,000 บาท",บุรีรัมย์,เจลล้างมือ,เจลล้างหน้า,ร้านค้าเพื่อความสวยงามทั่วไป,ซื้อ,1 เดือน
41-45 ปี,ข้าราชการ/รัฐวิสาหกิจ,"40,001-50,000 บาท",เพชรบูรณ์,แชมพู,แชมพู,เคาเตอร์แบรนด์ห้างสรรพสินค้า,ซื้อ,1 เดือน
45 ปีขึ้นไป,ข้าราชการ/รัฐวิสาหกิจ,"30,001-40,000 บาท",บุรีรัมย์,ครีมบำรุงรอบดวงตา,โลชั่นบำรุงผิว,สินค้า OTOP,ไม่ซื้อ,3 เดือน
41-45 ปี,ข้าราชการ/รัฐวิสาหกิจ,"20,001-30,000 บาท",บุรีรัมย์,เจลล้างหน้า,ครีมบำรุงรอบดวงตา,ร้านค้าในอินเทอร์เน็ต,ซื้อ,3 เดือน
36-40 ปี,ข้าราชการ/รัฐวิสาหกิจ,"30,001-40,000 บาท",สระแก้ว,ครีมบำรุงผิวหน้า,ครีมกันแดด,ร้านค้าในอินเทอร์เน็ต,ซื้อ,1 เดือน
45 ปีขึ้นไป,ข้าราชการ/รัฐวิสาหกิจ,"40,001-50,000 บาท",นครศรีธรรมราช,เจลล้างมือ,โลชั่นบำรุงผิว,ร้านค้าเพื่อความสวยงามทั่วไป,ซื้อ,2 เดือน
36-40 ปี,ข้าราชการ/รัฐวิสาหกิจ,"20,001-30,000 บาท",บุรีรัมย์,ครีมบำรุงผิวหน้า,เจลล้างหน้า,ร้านค้าเพื่อความสวยงามทั่วไป,ซื้อ,3 เดือน
30-35 ปี,อาชีพอิสระ,"10,000-20,000 บาท",บุรีรัมย์,ครีมบำรุงผิวหน้า,ครีมบำรุงผิวหน้า,ตัวแทนจำหน่าย(ขายตรง),ซื้อ,3 เดือน
36-40 ปี,ข้าราชการ/รัฐวิสาหกิจ,"30,001-40,000 บาท",กรุงเทพมหานคร,โลชั่นบำรุงผิว,แชมพู,เคาเตอร์แบรนด์ห้างสรรพสินค้า,ซื้อ,2 เดือน
45 ปีขึ้นไป,ลูกจ้าง,"20,001-30,000 บาท",กรุงเทพมหานคร,แชมพู,แชมพู,สินค้า OTOP,ซื้อ,2 เดือน
45 ปีขึ้นไป,ลูกจ้าง,"30,001-40,000 บาท",กรุงเทพมหานคร,โลชั่นบำรุงผิว,โลชั่นบำรุงผิว,เคาเตอร์แบรนด์ห้างสรรพสินค้า,ซื้อ,2 เดือน
41-45 ปี,ลูกจ้าง,"30,001-40,000 บาท",กรุงเทพมหานคร,โลชั่นบำรุงผิว,โลชั่นบำรุงผิว,ร้านค้าในอินเทอร์เน็ต,ซื้อ,2 เดือน
45 ปีขึ้นไป,ข้าราชการ/รัฐวิสาหกิจ,"40,001-50,000 บาท",ขอนแก่น,สบู่เหลวอาบน้ำ,ครีมบำรุงรอบดวงตา,เคาเตอร์แบรนด์ห้างสรรพสินค้า,ซื้อ,1 เดือน
45 ปีขึ้นไป,ข้าราชการ/รัฐวิสาหกิจ,"40,001-50,000 บาท",เพชรบูรณ์,ครีมกันแดด,โลชั่นบำรุงผิว,ร้านค้าในอินเทอร์เน็ต,ซื้อ,2 เดือน
45 ปีขึ้นไป,อาชีพอิสระ,"40,001-50,000 บาท",กรุงเทพมหานคร,แชมพู,แชมพู,สินค้า OTOP,ไม่ซื้อ,3 เดือน
41-45 ปี,ข้าราชการ/รัฐวิสาหกิจ,"30,001-40,000 บาท",บุรีรัมย์,โลชั่นบำรุงผิว,ครีมบำรุงผิวหน้า,เคาเตอร์แบรนด์ห้างสรรพสินค้า,ซื้อ,1 เดือน
41-45 ปี,ข้าราชการ/รัฐวิสาหกิจ,"40,001-50,000 บาท",เลย,แชมพู,เจลล้างหน้า,เคาเตอร์แบรนด์ห้างสรรพสินค้า,ซื้อ,3 เดือน
45 ปีขึ้นไป,อาชีพอิสระ,"10,000-20,000 บาท",นครราชสีมา,แชมพู,แชมพู,เคาเตอร์แบรนด์ห้างสรรพสินค้า,ซื้อ,3 เดือน
45 ปีขึ้นไป,ธุรกิจส่วนตัว,"10,000-20,000 บาท",กรุงเทพมหานคร,สบู่เหลวอาบน้ำ,แชมพู,สินค้า OTOP,ซื้อ,2 เดือน
45 ปีขึ้นไป,ข้าราชการ/รัฐวิสาหกิจ,"40,001-50,000 บาท",กรุงเทพมหานคร,เจลล้างมือ,ครีมบำรุงผิวหน้า,ตัวแทนจำหน่าย(ขายตรง),ซื้อ,3 เดือน
41-45 ปี,ข้าราชการ/รัฐวิสาหกิจ,"30,001-40,000 บาท",หนองคาย,โลชั่นบำรุงผิว,ครีมกันแดด,ร้านค้าเพื่อความสวยงามทั่วไป,ซื้อ,1 เดือน
36-40 ปี,ธุรกิจส่วนตัว,"10,000-20,000 บาท",สตูล,แชมพู,แชมพู,เคาเตอร์แบรนด์ห้างสรรพสินค้า,ซื้อ,1 เดือน
30-35 ปี,อาชีพอิสระ,"10,000-20,000 บาท",สตูล,ครีมบำรุงรอบดวงตา,โลชั่นบำรุงผิว,ร้านค้าเพื่อความสวยงามทั่วไป,ซื้อ,2 เดือน
41-45 ปี,ข้าราชการ/รัฐวิสาหกิจ,"30,001-40,000 บาท",กระบี่,แชมพู,เจลล้างมือ,ร้านค้าในอินเทอร์เน็ต,ซื้อ,3 เดือน
36-40 ปี,ข้าราชการ/รัฐวิสาหกิจ,"10,000-20,000 บาท",นครราชสีมา,แชมพู,โลชั่นบำรุงผิว,ร้านค้าเพื่อความสวยงามทั่วไป,ซื้อ,2 เดือน
30-35 ปี,ข้าราชการ/รัฐวิสาหกิจ,"20,001-30,000 บาท",นครราชสีมา,แชมพู,แชมพู,ร้านค้าในอินเทอร์เน็ต,ซื้อ,1 เดือน
36-40 ปี,ลูกจ้าง,"40,001-50,000 บาท",สระแก้ว,แชมพู,แชมพู,เคาเตอร์แบรนด์ห้างสรรพสินค้า,ซื้อ,1 เดือน
41-45 ปี,ลูกจ้าง,"20,001-30,000 บาท",นครราชสีมา,วิตามินบำรุงผม,สบู่เหลวอาบน้ำ,เคาเตอร์แบรนด์ห้างสรรพสินค้า,ซื้อ,3 เดือน
30-35 ปี,ธุรกิจส่วนตัว,"10,000-20,000 บาท",ประจวบคีรีขันธ์,เจลล้างมือ,เจลล้างมือ,เคาเตอร์แบรนด์ห้างสรรพสินค้า,ซื้อ,3 เดือน
30-35 ปี,ธุรกิจส่วนตัว,"10,000-20,000 บาท",บุรีรัมย์,สบู่ก้อน,ครีมบำรุงผิวหน้า,ร้านค้าในอินเทอร์เน็ต,ซื้อ,1 เดือน
30-35 ปี,ข้าราชการ/รัฐวิสาหกิจ,"10,000-20,000 บาท",ประจวบคีรีขันธ์,เจลล้างมือ,เจลล้างมือ,ร้านค้าเพื่อความสวยงามทั่วไป,ซื้อ,2 เดือน
41-45 ปี,ธุรกิจส่วนตัว,"40,001-50,000 บาท",นนทบุรี,โลชั่นบำรุงผิว,เจลล้างมือ,เคาเตอร์แบรนด์ห้างสรรพสินค้า,ซื้อ,3 เดือน
36-40 ปี,ข้าราชการ/รัฐวิสาหกิจ,"10,000-20,000 บาท",ภูเก็ต,ครีมบำรุงผิวหน้า,โลชั่นบำรุงผิว,ร้านค้าเพื่อความสวยงามทั่วไป,ซื้อ,1 เดือน
36-40 ปี,อาชีพอิสระ,"10,000-20,000 บาท",นครศรีธรรมราช,เจลล้างหน้า,แชมพู,ร้านค้าเพื่อความสวยงามทั่วไป,ซื้อ,2 เดือน
41-45 ปี,ธุรกิจส่วนตัว,"30,001-40,000 บาท",กรุงเทพมหานคร,เจลล้างมือ,ครีมบำรุงผิวหน้า,เคาเตอร์แบรนด์ห้างสรรพสินค้า,ซื้อ,1 เดือน
45 ปีขึ้นไป,ข้าราชการ/รัฐวิสาหกิจ,"20,001-30,000 บาท",ปทุมธานี,โลชั่นบำรุงผิว,ครีมบำรุงผิวหน้า,ร้านค้าเพื่อความสวยงามทั่วไป,ซื้อ,1 เดือน
41-45 ปี,ลูกจ้าง,"10,000-20,000 บาท",กรุงเทพมหานคร,โลชั่นบำรุงผิว,ครีมกันแดด,ร้านค้าเพื่อความสวยงามทั่วไป,ซื้อ,1 เดือน
30-35 ปี,ลูกจ้าง,"10,000-20,000 บาท",นครศรีธรรมราช,โลชั่นบำรุงผิว,สบู่ก้อน,เคาเตอร์แบรนด์ห้างสรรพสินค้า,ซื้อ,3 เดือน
30-35 ปี,ข้าราชการ/รัฐวิสาหกิจ,"40,001-50,000 บาท",บุรีรัมย์,ครีมบำรุงผิวหน้า,วิตามินบำรุงผม,เคาเตอร์แบรนด์ห้างสรรพสินค้า,ซื้อ,1 เดือน
36-40 ปี,อาชีพอิสระ,"20,001-30,000 บาท",นครศรีธรรมราช,เจลล้างมือ,เจลล้างหน้า,เคาเตอร์แบรนด์ห้างสรรพสินค้า,ซื้อ,2 เดือน
36-40 ปี,อาชีพอิสระ,"10,000-20,000 บาท",สตูล,แชมพู,แชมพู,เคาเตอร์แบรนด์ห้างสรรพสินค้า,ซื้อ,3 เดือน
45 ปีขึ้นไป,อาชีพอิสระ,"10,000-20,000 บาท",บุรีรัมย์,แชมพู,เจลล้างมือ,ร้านค้าเพื่อความสวยงามทั่วไป,ซื้อ,2 เดือน
45 ปีขึ้นไป,ลูกจ้าง,"10,000-20,000 บาท",บุรีรัมย์,แชมพู,เจลล้างมือ,เคาเตอร์แบรนด์ห้างสรรพสินค้า,ซื้อ,3 เดือน
30-35 ปี,ลูกจ้าง,"10,000-20,000 บาท",ประจวบคีรีขันธ์,เจลล้างมือ,เจลล้างหน้า,ร้านค้าในอินเทอร์เน็ต,ซื้อ,1 เดือน
30-35 ปี,ลูกจ้าง,"10,000-20,000 บาท",ประจวบคีรีขันธ์,แชมพู,โลชั่นบำรุงผิว,ร้านค้าในอินเทอร์เน็ต,ซื้อ,1 เดือน
36-40 ปี,ธุรกิจส่วนตัว,"40,001-50,000 บาท",กรุงเทพมหานคร,แชมพู,แชมพู,สินค้า OTOP,ซื้อ,3 เดือน
45 ปีขึ้นไป,ข้าราชการ/รัฐวิสาหกิจ,"30,001-40,000 บาท",บุรีรัมย์,เจลล้างหน้า,เจลล้างมือ,เคาเตอร์แบรนด์ห้างสรรพสินค้า,ซื้อ,3 เดือน
41-45 ปี,ข้าราชการ/รัฐวิสาหกิจ,"20,001-30,000 บาท",บุรีรัมย์,โลชั่นบำรุงผิว,สบู่ก้อน,ร้านค้าเพื่อความสวยงามทั่วไป,ไม่ซื้อ,3 เดือน
30-35 ปี,ข้าราชการ/รัฐวิสาหกิจ,"10,000-20,000 บาท",ปทุมธานี,เจลล้างมือ,ครีมกันแดด,ร้านค้าเพื่อความสวยงามทั่วไป,ซื้อ,1 เดือน
30-35 ปี,ธุรกิจส่วนตัว,"10,000-20,000 บาท",ประจวบคีรีขันธ์,แชมพู,แชมพู,ร้านค้าเพื่อความสวยงามทั่วไป,ซื้อ,1 เดือน
30-35 ปี,อาชีพอิสระ,"10,000-20,000 บาท",ประจวบคีรีขันธ์,เจลล้างหน้า,โลชั่นบำรุงผิว,ตัวแทนจำหน่าย(ขายตรง),ซื้อ,1 เดือน
45 ปีขึ้นไป,ข้าราชการ/รัฐวิสาหกิจ,"40,001-50,000 บาท",กรุงเทพมหานคร,เจลล้างหน้า,เจลล้างหน้า,เคาเตอร์แบรนด์ห้างสรรพสินค้า,ซื้อ,1 เดือน
36-40 ปี,ธุรกิจส่วนตัว,"10,000-20,000 บาท",ยะลา,แชมพู,เจลล้างมือ,ร้านค้าเพื่อความสวยงามทั่วไป,ซื้อ,1 เดือน
36-40 ปี,ธุรกิจส่วนตัว,"10,000-20,000 บาท",กระบี่,แชมพู,โลชั่นบำรุงผิว,เคาเตอร์แบรนด์ห้างสรรพสินค้า,ซื้อ,1 เดือน
30-35 ปี,ข้าราชการ/รัฐวิสาหกิจ,"30,001-40,000 บาท",ประจวบคีรีขันธ์,สบู่เหลวอาบน้ำ,แชมพู,สินค้า OTOP,ไม่ซื้อ,3 เดือน
36-40 ปี,ลูกจ้าง,"10,000-20,000 บาท",พัทลุง,เจลล้างมือ,เจลล้างมือ,เคาเตอร์แบรนด์ห้างสรรพสินค้า,ซื้อ,2 เดือน
36-40 ปี,ข้าราชการ/รัฐวิสาหกิจ,"20,001-30,000 บาท",ประจวบคีรีขันธ์,เจลล้างหน้า,เจลล้างหน้า,ร้านค้าในอินเทอร์เน็ต,ซื้อ,3 เดือน
30-35 ปี,ข้าราชการ/รัฐวิสาหกิจ,"20,001-30,000 บาท",กรุงเทพมหานคร,เจลล้างมือ,เจลล้างหน้า,ร้านค้าในอินเทอร์เน็ต,ซื้อ,1 เดือน
30-35 ปี,ลูกจ้าง,"10,000-20,000 บาท",กรุงเทพมหานคร,เจลล้างหน้า,โลชั่นบำรุงผิว,เคาเตอร์แบรนด์ห้างสรรพสินค้า,ซื้อ,3 เดือน
41-45 ปี,ธุรกิจส่วนตัว,"20,001-30,000 บาท",นครราชสีมา,เจลล้างมือ,ครีมบำรุงรอบดวงตา,ร้านค้าเพื่อความสวยงามทั่วไป,ซื้อ,1 เดือน
41-45 ปี,ข้าราชการ/รัฐวิสาหกิจ,"40,001-50,000 บาท",บุรีรัมย์,เจลล้างมือ,ครีมบำรุงผิวหน้า,ร้านค้าเพื่อความสวยงามทั่วไป,ซื้อ,2 เดือน
30-35 ปี,ข้าราชการ/รัฐวิสาหกิจ,"20,001-30,000 บาท",กรุงเทพมหานคร,เจลล้างมือ,ครีมกันแดด,เคาเตอร์แบรนด์ห้างสรรพสินค้า,ซื้อ,3 เดือน
30-35 ปี,ธุรกิจส่วนตัว,"10,000-20,000 บาท",บุรีรัมย์,แชมพู,แชมพู,เคาเตอร์แบรนด์ห้างสรรพสินค้า,ซื้อ,1 เดือน
30-35 ปี,อาชีพอิสระ,"10,000-20,000 บาท",นครศรีธรรมราช,ครีมบำรุงผิวหน้า,สบู่ทำความสะอาดจุดซ้อนเร้น,เคาเตอร์แบรนด์ห้างสรรพสินค้า,ซื้อ,1 เดือน
41-45 ปี,ข้าราชการ/รัฐวิสาหกิจ,"30,001-40,000 บาท",บุรีรัมย์,เจลล้างมือ,ครีมบำรุงผิวหน้า,ร้านค้าเพื่อความสวยงามทั่วไป,ซื้อ,1 เดือน
30-35 ปี,ธุรกิจส่วนตัว,"10,000-20,000 บาท",ประจวบคีรีขันธ์,แชมพู,ครีมบำรุงรอบดวงตา,ร้านค้าเพื่อความสวยงามทั่วไป,ซื้อ,2 เดือน
30-35 ปี,ลูกจ้าง,"10,000-20,000 บาท",สุราษฎร์ธานี,แชมพู,เจลล้างหน้า,เคาเตอร์แบรนด์ห้างสรรพสินค้า,ซื้อ,2 เดือน
30-35 ปี,อาชีพอิสระ,"10,000-20,000 บาท",อุตรดิตถ์​,เจลล้างมือ,เจลล้างมือ,ร้านค้าเพื่อความสวยงามทั่วไป,ซื้อ,1 เดือน
36-40 ปี,ข้าราชการ/รัฐวิสาหกิจ,"20,001-30,000 บาท",กระบี่,แชมพู,ครีมบำรุงผิวหน้า,เคาเตอร์แบรนด์ห้างสรรพสินค้า,ซื้อ,2 เดือน
30-35 ปี,ข้าราชการ/รัฐวิสาหกิจ,"40,001-50,000 บาท",กรุงเทพมหานคร,แชมพู,แชมพู,เคาเตอร์แบรนด์ห้างสรรพสินค้า,ซื้อ,1 เดือน
30-35 ปี,ธุรกิจส่วนตัว,"10,000-20,000 บาท",ประจวบคีรีขันธ์,โลชั่นบำรุงผิว,เจลล้างมือ,ร้านค้าเพื่อความสวยงามทั่วไป,ซื้อ,1 เดือน
41-45 ปี,ลูกจ้าง,"40,001-50,000 บาท",สมุทรปราการ,ครีมบำรุงผิวหน้า,สบู่ก้อน,สินค้า OTOP,ซื้อ,1 เดือน
30-35 ปี,ลูกจ้าง,"10,000-20,000 บาท",ประจวบคีรีขันธ์,ครีมบำรุงผิวหน้า,ครีมบำรุงผิวหน้า,ตัวแทนจำหน่าย(ขายตรง),ซื้อ,1 เดือน
30-35 ปี,ธุรกิจส่วนตัว,"10,000-20,000 บาท",ประจวบคีรีขันธ์,วิตามินบำรุงผม,เจลล้างหน้า,ร้านเสริมสวย,ซื้อ,3 เดือน
45 ปีขึ้นไป,ข้าราชการ/รัฐวิสาหกิจ,"40,001-50,000 บาท",บุรีรัมย์,แชมพู,แชมพู,เคาเตอร์แบรนด์ห้างสรรพสินค้า,ซื้อ,1 เดือน
30-35 ปี,อาชีพอิสระ,"10,000-20,000 บาท",กรุงเทพมหานคร,เจลล้างหน้า,ครีมบำรุงผิวหน้า,ร้านค้าเพื่อความสวยงามทั่วไป,ซื้อ,1 เดือน
36-40 ปี,ข้าราชการ/รัฐวิสาหกิจ,"20,001-30,000 บาท",กรุงเทพมหานคร,แชมพู,แชมพู,ร้านค้าในอินเทอร์เน็ต,ซื้อ,1 เดือน
30-35 ปี,ธุรกิจส่วนตัว,"10,000-20,000 บาท",เพชรบุรี,แชมพู,สบู่เหลวอาบน้ำ,เคาเตอร์แบรนด์ห้างสรรพสินค้า,ซื้อ,2 เดือน
36-40 ปี,ลูกจ้าง,"40,001-50,000 บาท",กรุงเทพมหานคร,ครีมบำรุงผิวหน้า,ครีมกำจัดขน,เคาเตอร์แบรนด์ห้างสรรพสินค้า,ซื้อ,1 เดือน
45 ปีขึ้นไป,ข้าราชการ/รัฐวิสาหกิจ,"40,001-50,000 บาท",มหาสารคาม,เจลล้างหน้า,โลชั่นบำรุงผิว,ร้านค้าเพื่อความสวยงามทั่วไป,ซื้อ,2 เดือน
30-35 ปี,ลูกจ้าง,"20,001-30,000 บาท",กรุงเทพมหานคร,เจลล้างมือ,สบู่เหลวอาบน้ำ,เคาเตอร์แบรนด์ห้างสรรพสินค้า,ซื้อ,3 เดือน
41-45 ปี,ข้าราชการ/รัฐวิสาหกิจ,"20,001-30,000 บาท",บุรีรัมย์,แชมพู,ครีมกันแดด,เคาเตอร์แบรนด์ห้างสรรพสินค้า,ซื้อ,2 เดือน
41-45 ปี,ข้าราชการ/รัฐวิสาหกิจ,"20,001-30,000 บาท",กรุงเทพมหานคร,แชมพู,แชมพู,สินค้า OTOP,ไม่ซื้อ,3 เดือน
45 ปีขึ้นไป,ข้าราชการ/รัฐวิสาหกิจ,"40,001-50,000 บาท",สุรินทร์,แชมพู,สบู่เหลวอาบน้ำ,เคาเตอร์แบรนด์ห้างสรรพสินค้า,ซื้อ,1 เดือน
30-35 ปี,ธุรกิจส่วนตัว,"40,001-50,000 บาท",บุรีรัมย์,สบู่เหลวอาบน้ำ,เจลล้างหน้า,เคาเตอร์แบรนด์ห้างสรรพสินค้า,ซื้อ,2 เดือน
41-45 ปี,อาชีพอิสระ,"20,001-30,000 บาท",บุรีรัมย์,แชมพู,เจลล้างมือ,ร้านค้าเพื่อความสวยงามทั่วไป,ซื้อ,2 เดือน
36-40 ปี,ลูกจ้าง,"10,000-20,000 บาท",บุรีรัมย์,โลชั่นบำรุงผิว,โลชั่นบำรุงผิว,สินค้า OTOP,ซื้อ,2 เดือน
36-40 ปี,ลูกจ้าง,"20,001-30,000 บาท",ปราจีนบุรี,โลชั่นบำรุงผิว,โลชั่นบำรุงผิว,เคาเตอร์แบรนด์ห้างสรรพสินค้า,ซื้อ,1 เดือน
41-45 ปี,ข้าราชการ/รัฐวิสาหกิจ,"40,001-50,000 บาท",กรุงเทพมหานคร,แชมพู,เจลล้างมือ,สินค้า OTOP,ไม่ซื้อ,3 เดือน
45 ปีขึ้นไป,ธุรกิจส่วนตัว,"40,001-50,000 บาท",กรุงเทพมหานคร,สบู่เหลวอาบน้ำ,แชมพู,สินค้า OTOP,ซื้อ,3 เดือน
41-45 ปี,ข้าราชการ/รัฐวิสาหกิจ,"10,000-20,000 บาท",ประจวบคีรีขันธ์,เจลล้างหน้า,เจลล้างหน้า,ร้านค้าเพื่อความสวยงามทั่วไป,ซื้อ,2 เดือน
30-35 ปี,ข้าราชการ/รัฐวิสาหกิจ,"30,001-40,000 บาท",มหาสารคาม,เจลล้างมือ,เจลล้างมือ,ร้านค้าในอินเทอร์เน็ต,ซื้อ,2 เดือน
45 ปีขึ้นไป,ข้าราชการ/รัฐวิสาหกิจ,"40,001-50,000 บาท",บุรีรัมย์,แชมพู,สบู่เหลวอาบน้ำ,สินค้า OTOP,ซื้อ,3 เดือน
30-35 ปี,ลูกจ้าง,"10,000-20,000 บาท",กรุงเทพมหานคร ,ครีมบำรุงผิวหน้า,เจลล้างมือ,ร้านค้าเพื่อความสวยงามทั่วไป,ซื้อ,1 เดือน
36-40 ปี,ข้าราชการ/รัฐวิสาหกิจ,"10,000-20,000 บาท",ประจวบคีรีขันธ์,แชมพู,แชมพู,ร้านค้าเพื่อความสวยงามทั่วไป,ซื้อ,2 เดือน
41-45 ปี,ข้าราชการ/รัฐวิสาหกิจ,"40,001-50,000 บาท",บุรีรัมย์,โลชั่นบำรุงผิว,เจลล้างมือ,สินค้า OTOP,ซื้อ,3 เดือน
41-45 ปี,ลูกจ้าง,"20,001-30,000 บาท",กรุงเทพมหานคร,แชมพู,แชมพู,ร้านค้าในอินเทอร์เน็ต,ซื้อ,2 เดือน
36-40 ปี,ธุรกิจส่วนตัว,"20,001-30,000 บาท",กรุงเทพมหานคร,เจลล้างหน้า,เจลล้างมือ,ร้านค้าเพื่อความสวยงามทั่วไป,ซื้อ,2 เดือน
36-40 ปี,อาชีพอิสระ,"10,000-20,000 บาท",พัทลุง,โลชั่นบำรุงผิว,แชมพู,ร้านค้าเพื่อความสวยงามทั่วไป,ซื้อ,1 เดือน
41-45 ปี,ข้าราชการ/รัฐวิสาหกิจ,"20,001-30,000 บาท",บุรีรัมย์, โลชั่นบำรุงผิว,เจลล้างหน้า,เคาเตอร์แบรนด์ห้างสรรพสินค้า,ซื้อ,2 เดือน
30-35 ปี,ข้าราชการ/รัฐวิสาหกิจ,"10,000-20,000 บาท",กรุงเทพมหานคร,แชมพู,เจลล้างมือ,ร้านค้าเพื่อความสวยงามทั่วไป,ซื้อ,2 เดือน
30-35 ปี,ธุรกิจส่วนตัว,"10,000-20,000 บาท",พัทลุง,วิตามินบำรุงผม,วิตามินบำรุงผม,ร้านค้าเพื่อความสวยงามทั่วไป,ซื้อ,2 เดือน
30-35 ปี,ธุรกิจส่วนตัว,"10,000-20,000 บาท",นครศรีธรรมราช,สบู่ก้อน,ครีมบำรุงผิวหน้า,ร้านค้าเพื่อความสวยงามทั่วไป,ซื้อ,2 เดือน
30-35 ปี,ธุรกิจส่วนตัว,"10,000-20,000 บาท",พัทลุง,โลชั่นบำรุงผิว,โลชั่นบำรุงผิว,เคาเตอร์แบรนด์ห้างสรรพสินค้า,ซื้อ,1 เดือน
30-35 ปี,ธุรกิจส่วนตัว,"20,001-30,000 บาท",ระนอง, เจลล้างมือ,เจลล้างมือ,เคาเตอร์แบรนด์ห้างสรรพสินค้า,ซื้อ,3 เดือน
30-35 ปี,ข้าราชการ/รัฐวิสาหกิจ,"30,001-40,000 บาท",นครศรีธรรมราช,ครีมบำรุงผิวหน้า,เจลล้างมือ,เคาเตอร์แบรนด์ห้างสรรพสินค้า,ซื้อ,2 เดือน
30-35 ปี,ลูกจ้าง,"40,001-50,000 บาท",กรุงเทพมหานคร,เจลล้างหน้า,สบู่เหลวอาบน้ำ,ร้านค้าในอินเทอร์เน็ต,ซื้อ,2 เดือน
36-40 ปี,ลูกจ้าง,"40,001-50,000 บาท",ภูเก็ต,โลชั่นบำรุงผิว,เจลล้างมือ,ร้านค้าเพื่อความสวยงามทั่วไป,ไม่ซื้อ,1 เดือน
36-40 ปี,ลูกจ้าง,"40,001-50,000 บาท",ภูเก็ต,โลชั่นบำรุงผิว,โลชั่นบำรุงผิว,เคาเตอร์แบรนด์ห้างสรรพสินค้า,ซื้อ,2 เดือน
36-40 ปี,ลูกจ้าง,"20,001-30,000 บาท",ภูเก็ต,เจลล้างมือ,เจลล้างมือ,เคาเตอร์แบรนด์ห้างสรรพสินค้า,ซื้อ,2 เดือน
41-45 ปี,ลูกจ้าง,"10,000-20,000 บาท",ภูเก็ต,แชมพู,สบู่เหลวอาบน้ำ,เคาเตอร์แบรนด์ห้างสรรพสินค้า,ซื้อ,1 เดือน
30-35 ปี,ลูกจ้าง,"10,000-20,000 บาท",สงขลา,ครีมบำรุงผิวหน้า,ครีมบำรุงผิวหน้า,ร้านค้าเพื่อความสวยงามทั่วไป,ซื้อ,1 เดือน
30-35 ปี,ลูกจ้าง,"20,001-30,000 บาท",สงขลา,โลชั่นบำรุงผิว,สบู่เหลวอาบน้ำ,ร้านค้าในอินเทอร์เน็ต,ซื้อ,2 เดือน
36-40 ปี,ลูกจ้าง,"40,001-50,000 บาท",ภูเก็ต,เจลล้างมือ,เจลล้างมือ,เคาเตอร์แบรนด์ห้างสรรพสินค้า,ซื้อ,1 เดือน
30-35 ปี,ลูกจ้าง,"10,000-20,000 บาท",ภูเก็ต,ครีมบำรุงผิวหน้า,วิตามินบำรุงผม,ร้านค้าเพื่อความสวยงามทั่วไป,ซื้อ,1 เดือน
36-40 ปี,ข้าราชการ/รัฐวิสาหกิจ,"40,001-50,000 บาท",ภูเก็ต,แชมพู,เจลล้างหน้า,เคาเตอร์แบรนด์ห้างสรรพสินค้า,ซื้อ,3 เดือน
36-40 ปี,ลูกจ้าง,"30,001-40,000 บาท",กรุงเทพมหานคร,แชมพู,เจลล้างมือ,ร้านค้าเพื่อความสวยงามทั่วไป,ซื้อ,3 เดือน
36-40 ปี,ลูกจ้าง,"40,001-50,000 บาท",สงขลา,แชมพู,โลชั่นบำรุงผิว,เคาเตอร์แบรนด์ห้างสรรพสินค้า,ซื้อ,2 เดือน
30-35 ปี,ธุรกิจส่วนตัว,"40,001-50,000 บาท",กรุงเทพมหานคร,โลชั่นบำรุงผิว,โลชั่นบำรุงผิว,เคาเตอร์แบรนด์ห้างสรรพสินค้า,ซื้อ,3 เดือน
41-45 ปี,ธุรกิจส่วนตัว,"30,001-40,000 บาท",สงขลา,แชมพู,แชมพู,ร้านค้าในอินเทอร์เน็ต,ซื้อ,3 เดือน
45 ปีขึ้นไป,อาชีพอิสระ,"40,001-50,000 บาท",สงขลา,แชมพู,แชมพู,สินค้า OTOP,ซื้อ,1 เดือน
36-40 ปี,ลูกจ้าง,"30,001-40,000 บาท",ปทุมธานี,โลชั่นบำรุงผิว,วิตามินบำรุงผม,ร้านค้าเพื่อความสวยงามทั่วไป,ซื้อ,2 เดือน
36-40 ปี,ลูกจ้าง,"10,000-20,000 บาท",กรุงเทพมหานคร,แชมพู,โลชั่นบำรุงผิว,ร้านค้าในอินเทอร์เน็ต,ซื้อ,2 เดือน
36-40 ปี,ลูกจ้าง,"30,001-40,000 บาท",กรุงเทพมหานคร,ครีมบำรุงผิวหน้า,เจลล้างหน้า,เคาเตอร์แบรนด์ห้างสรรพสินค้า,ไม่ซื้อ,3 เดือน
45 ปีขึ้นไป,อาชีพอิสระ,"20,001-30,000 บาท",พังงา,ครีมบำรุงผิวหน้า,ครีมบำรุงรอบดวงตา,สินค้า OTOP,ซื้อ,3 เดือน
36-40 ปี,ธุรกิจส่วนตัว,"20,001-30,000 บาท",สงขลา,แชมพู,สบู่เหลวอาบน้ำ,ร้านค้าในอินเทอร์เน็ต,ซื้อ,1 เดือน
36-40 ปี,ข้าราชการ/รัฐวิสาหกิจ,"30,001-40,000 บาท",นครปฐม,เจลล้างมือ,ครีมบำรุงผิวหน้า,ร้านค้าในอินเทอร์เน็ต,ซื้อ,3 เดือน
30-35 ปี,ข้าราชการ/รัฐวิสาหกิจ,"30,001-40,000 บาท",ปทุมธานี,แชมพู,แชมพู,เคาเตอร์แบรนด์ห้างสรรพสินค้า,ซื้อ,2 เดือน
30-35 ปี,อาชีพอิสระ,"10,000-20,000 บาท",สงขลา,เจลล้างหน้า,โลชั่นบำรุงผิว,ร้านค้าในอินเทอร์เน็ต,ซื้อ,2 เดือน
36-40 ปี,ข้าราชการ/รัฐวิสาหกิจ,"20,001-30,000 บาท",ภูเก็ต,ครีมบำรุงรอบดวงตา,แชมพู,เคาเตอร์แบรนด์ห้างสรรพสินค้า,ซื้อ,2 เดือน
36-40 ปี,ข้าราชการ/รัฐวิสาหกิจ,"20,001-30,000 บาท",กรุงเทพมหานคร,เจลล้างมือ,ครีมบำรุงผิวหน้า,เคาเตอร์แบรนด์ห้างสรรพสินค้า,ซื้อ,3 เดือน
36-40 ปี,ธุรกิจส่วนตัว,"10,000-20,000 บาท",สุราษฎร์ธานี,เจลล้างหน้า,แชมพู,ตัวแทนจำหน่าย(ขายตรง),ซื้อ,2 เดือน
36-40 ปี,ลูกจ้าง,"40,001-50,000 บาท",กรุงเทพมหานคร,แชมพู,ครีมบำรุงรอบดวงตา,ร้านค้าเพื่อความสวยงามทั่วไป,ซื้อ,2 เดือน
41-45 ปี,ข้าราชการ/รัฐวิสาหกิจ,"40,001-50,000 บาท",ตรัง,แชมพู,วิตามินบำรุงผม,สินค้า OTOP,ซื้อ,3 เดือน
45 ปีขึ้นไป,ข้าราชการ/รัฐวิสาหกิจ,"20,001-30,000 บาท",สตูล,แชมพู,สบู่เหลวอาบน้ำ,ตัวแทนจำหน่าย(ขายตรง),ซื้อ,3 เดือน
45 ปีขึ้นไป,ธุรกิจส่วนตัว,"40,001-50,000 บาท",ภูเก็ต,วิตามินบำรุงผม,สบู่ก้อน,ร้านค้าในอินเทอร์เน็ต,ซื้อ,3 เดือน
36-40 ปี,อาชีพอิสระ,"40,001-50,000 บาท",นครศรีธรรมราช,เจลล้างมือ,เจลล้างมือ,สินค้า OTOP,ไม่ซื้อ,3 เดือน
36-40 ปี,ลูกจ้าง,"20,001-30,000 บาท",ลพบุรี,แชมพู,ครีมบำรุงรอบดวงตา,เคาเตอร์แบรนด์ห้างสรรพสินค้า,ไม่ซื้อ,1 เดือน
45 ปีขึ้นไป,ธุรกิจส่วนตัว,"40,001-50,000 บาท",สงขลา,เจลล้างมือ,เจลล้างมือ,ร้านค้าเพื่อความสวยงามทั่วไป,ซื้อ,3 เดือน
36-40 ปี,ลูกจ้าง,"20,001-30,000 บาท",กระบี่,แชมพู,สบู่ทำความสะอาดจุดซ้อนเร้น,สินค้า OTOP,ซื้อ,3 เดือน
36-40 ปี,ลูกจ้าง,"20,001-30,000 บาท",ประจวบคีรีขันธ์,แชมพู,แชมพู,เคาเตอร์แบรนด์ห้างสรรพสินค้า,ซื้อ,1 เดือน
30-35 ปี,ลูกจ้าง,"10,000-20,000 บาท",สงขลา,โลชั่นบำรุงผิว,เจลล้างมือ,ร้านค้าเพื่อความสวยงามทั่วไป,ซื้อ,2 เดือน
45 ปีขึ้นไป,ข้าราชการ/รัฐวิสาหกิจ,"40,001-50,000 บาท",นนทบุรี,วิตามินบำรุงผม,แชมพู,เคาเตอร์แบรนด์ห้างสรรพสินค้า,ซื้อ,3 เดือน
30-35 ปี,ข้าราชการ/รัฐวิสาหกิจ,"20,001-30,000 บาท",ราชบุรี,แชมพู,เจลล้างมือ,ร้านค้าในอินเทอร์เน็ต,ซื้อ,2 เดือน
36-40 ปี,ธุรกิจส่วนตัว,"20,001-30,000 บาท",นครศรีธรรมราช,แชมพู,เจลล้างมือ,ร้านค้าเพื่อความสวยงามทั่วไป,ซื้อ,2 เดือน
45 ปีขึ้นไป,ข้าราชการ/รัฐวิสาหกิจ,"40,001-50,000 บาท",ราชบุรี,แชมพู,เจลล้างมือ,ร้านค้าเพื่อความสวยงามทั่วไป,ซื้อ,2 เดือน
41-45 ปี,ข้าราชการ/รัฐวิสาหกิจ,"30,001-40,000 บาท",ราชบุรี,แชมพู,แชมพู,เคาเตอร์แบรนด์ห้างสรรพสินค้า,ซื้อ,1 เดือน
30-35 ปี,ข้าราชการ/รัฐวิสาหกิจ,"10,000-20,000 บาท",นครปฐม,โลชั่นบำรุงผิว,โลชั่นบำรุงผิว,เคาเตอร์แบรนด์ห้างสรรพสินค้า,ซื้อ,2 เดือน
45 ปีขึ้นไป,ข้าราชการ/รัฐวิสาหกิจ,"40,001-50,000 บาท",ราชบุรี,แชมพู,แชมพู,เคาเตอร์แบรนด์ห้างสรรพสินค้า,ซื้อ,1 เดือน
36-40 ปี,ข้าราชการ/รัฐวิสาหกิจ,"20,001-30,000 บาท",ประจวบคีรีขันธ์,ครีมบำรุงผิวหน้า,เจลล้างมือ,เคาเตอร์แบรนด์ห้างสรรพสินค้า,ซื้อ,3 เดือน
30-35 ปี,ลูกจ้าง,"30,001-40,000 บาท",ประจวบคีรีขันธ์,เจลล้างมือ,เจลล้างหน้า,ร้านค้าเพื่อความสวยงามทั่วไป,ไม่ซื้อ,3 เดือน
45 ปีขึ้นไป,ข้าราชการ/รัฐวิสาหกิจ,"40,001-50,000 บาท",ราชบุรี,แชมพู,สบู่ก้อน,สินค้า OTOP,ซื้อ,2 เดือน
30-35 ปี,ลูกจ้าง,"40,001-50,000 บาท",กรุงเทพมหานคร,เจลล้างมือ,ครีมบำรุงผิวหน้า,ร้านค้าเพื่อความสวยงามทั่วไป,ไม่ซื้อ,3 เดือน
41-45 ปี,ข้าราชการ/รัฐวิสาหกิจ,"30,001-40,000 บาท",เชียงใหม่,แชมพู,สบู่ก้อน,ร้านค้าเพื่อความสวยงามทั่วไป,ซื้อ,1 เดือน
36-40 ปี,ธุรกิจส่วนตัว,"30,001-40,000 บาท",สมุทรสาคร,โลชั่นบำรุงผิว,แชมพู,เคาเตอร์แบรนด์ห้างสรรพสินค้า,ซื้อ,3 เดือน
36-40 ปี,อาชีพอิสระ,"10,000-20,000 บาท",กรุงเทพมหานคร,เจลล้างมือ,เจลล้างมือ,ร้านค้าเพื่อความสวยงามทั่วไป,ซื้อ,1 เดือน
30-35 ปี,ข้าราชการ/รัฐวิสาหกิจ,"10,000-20,000 บาท",สตูล,สบู่เหลวอาบน้ำ,แชมพู,สินค้า OTOP,ซื้อ,1 เดือน
30-35 ปี,ข้าราชการ/รัฐวิสาหกิจ,"20,001-30,000 บาท",สงขลา,เจลล้างมือ,ครีมบำรุงผิวหน้า,เคาเตอร์แบรนด์ห้างสรรพสินค้า,ซื้อ,2 เดือน
45 ปีขึ้นไป,ข้าราชการ/รัฐวิสาหกิจ,"20,001-30,000 บาท",สงขลา,แชมพู,แชมพู,เคาเตอร์แบรนด์ห้างสรรพสินค้า,ซื้อ,1 เดือน
45 ปีขึ้นไป,ข้าราชการ/รัฐวิสาหกิจ,"20,001-30,000 บาท",สงขลา,แชมพู,แชมพู,เคาเตอร์แบรนด์ห้างสรรพสินค้า,ซื้อ,2 เดือน
30-35 ปี,ลูกจ้าง,"20,001-30,000 บาท",สงขลา,ครีมบำรุงรอบดวงตา,ครีมบำรุงรอบดวงตา,ร้านค้าเพื่อความสวยงามทั่วไป,ซื้อ,3 เดือน
30-35 ปี,ลูกจ้าง,"10,000-20,000 บาท",สงขลา,ครีมบำรุงผิวหน้า,สบู่เหลวอาบน้ำ,ร้านค้าเพื่อความสวยงามทั่วไป,ซื้อ,1 เดือน
30-35 ปี,ลูกจ้าง,"10,000-20,000 บาท",สงขลา,แชมพู,แชมพู,ร้านค้าในอินเทอร์เน็ต,ซื้อ,1 เดือน
41-45 ปี,ลูกจ้าง,"20,001-30,000 บาท",นครศรีธรรมราช,แชมพู,ครีมบำรุงรอบดวงตา,เคาเตอร์แบรนด์ห้างสรรพสินค้า,ซื้อ,1 เดือน
41-45 ปี,ข้าราชการ/รัฐวิสาหกิจ,"20,001-30,000 บาท",สงขลา,แชมพู,ครีมบำรุงผิวหน้า,ร้านค้าเพื่อความสวยงามทั่วไป,ซื้อ,1 เดือน
36-40 ปี,ลูกจ้าง,"10,000-20,000 บาท",กรุงเทพมหานคร,แชมพู,แชมพู,สินค้า OTOP,ซื้อ,1 เดือน
45 ปีขึ้นไป,ข้าราชการ/รัฐวิสาหกิจ,"20,001-30,000 บาท",สงขลา,แชมพู,สบู่เหลวอาบน้ำ,สินค้า OTOP,ซื้อ,2 เดือน
41-45 ปี,ข้าราชการ/รัฐวิสาหกิจ,"10,000-20,000 บาท",สงขลา,โลชั่นบำรุงผิว,โลชั่นบำรุงผิว,เคาเตอร์แบรนด์ห้างสรรพสินค้า,ซื้อ,2 เดือน
45 ปีขึ้นไป,ข้าราชการ/รัฐวิสาหกิจ,"20,001-30,000 บาท",สงขลา,สบู่เหลวอาบน้ำ,เจลล้างหน้า,สินค้า OTOP,ซื้อ,3 เดือน
41-45 ปี,ข้าราชการ/รัฐวิสาหกิจ,"10,000-20,000 บาท",สงขลา,แชมพู,เจลล้างมือ,ร้านค้าเพื่อความสวยงามทั่วไป,ซื้อ,1 เดือน
41-45 ปี,อาชีพอิสระ,"10,000-20,000 บาท",สงขลา,แชมพู,สบู่ก้อน,สินค้า OTOP,ซื้อ,1 เดือน
45 ปีขึ้นไป,ข้าราชการ/รัฐวิสาหกิจ,"20,001-30,000 บาท",สงขลา,ครีมกันแดด,วิตามินบำรุงผม,เคาเตอร์แบรนด์ห้างสรรพสินค้า,ซื้อ,2 เดือน
41-45 ปี,ข้าราชการ/รัฐวิสาหกิจ,"20,001-30,000 บาท",สงขลา,แชมพู,สบู่ก้อน,สินค้า OTOP,ซื้อ,1 เดือน
41-45 ปี,ข้าราชการ/รัฐวิสาหกิจ,"20,001-30,000 บาท",สงขลา,แชมพู,แชมพู,เคาเตอร์แบรนด์ห้างสรรพสินค้า,ซื้อ,2 เดือน
30-35 ปี,ลูกจ้าง,"10,000-20,000 บาท",กรุงเทพมหานคร,แชมพู,ครีมบำรุงรอบดวงตา,เคาเตอร์แบรนด์ห้างสรรพสินค้า,ซื้อ,3 เดือน
41-45 ปี,ข้าราชการ/รัฐวิสาหกิจ,"20,001-30,000 บาท",สงขลา,ครีมบำรุงผิวหน้า,เจลล้างหน้า,เคาเตอร์แบรนด์ห้างสรรพสินค้า,ซื้อ,3 เดือน
36-40 ปี,อาชีพอิสระ,"10,000-20,000 บาท",สงขลา,เจลล้างมือ,แชมพู,เคาเตอร์แบรนด์ห้างสรรพสินค้า,ซื้อ,3 เดือน
30-35 ปี,ลูกจ้าง,"30,001-40,000 บาท",ชลบุรี,สบู่ก้อน,สบู่ก้อน,ร้านค้าเพื่อความสวยงามทั่วไป,ซื้อ,2 เดือน
36-40 ปี,ลูกจ้าง,"40,001-50,000 บาท",กรุงเทพมหานคร,ครีมบำรุงผิวหน้า,ครีมบำรุงผิวหน้า,เคาเตอร์แบรนด์ห้างสรรพสินค้า,ไม่ซื้อ,3 เดือน
36-40 ปี,ลูกจ้าง,"20,001-30,000 บาท",พิษณุโลก,แชมพู,เจลล้างมือ,ร้านค้าเพื่อความสวยงามทั่วไป,ซื้อ,2 เดือน
30-35 ปี,ธุรกิจส่วนตัว,"10,000-20,000 บาท",ประจวบคีรีขันธ์,เจลล้างมือ,เจลล้างมือ,เคาเตอร์แบรนด์ห้างสรรพสินค้า,ซื้อ,2 เดือน
30-35 ปี,ข้าราชการ/รัฐวิสาหกิจ,"10,000-20,000 บาท",กรุงเทพมหานคร,โลชั่นบำรุงผิว,โลชั่นบำรุงผิว,เคาเตอร์แบรนด์ห้างสรรพสินค้า,ซื้อ,3 เดือน
45 ปีขึ้นไป,ข้าราชการ/รัฐวิสาหกิจ,"30,001-40,000 บาท",กรุงเทพมหานคร,วิตามินบำรุงผม,วิตามินบำรุงผม,เคาเตอร์แบรนด์ห้างสรรพสินค้า,ซื้อ,1 เดือน
41-45 ปี,ลูกจ้าง,"20,001-30,000 บาท",ปทุมธานี,ครีมบำรุงผิวหน้า,ครีมบำรุงผิวหน้า,ร้านค้าในอินเทอร์เน็ต,ซื้อ,2 เดือน
30-35 ปี,ธุรกิจส่วนตัว,"40,001-50,000 บาท",กรุงเทพมหานคร,เจลล้างหน้า,เจลล้างหน้า,เคาเตอร์แบรนด์ห้างสรรพสินค้า,ไม่ซื้อ,1 เดือน
30-35 ปี,ลูกจ้าง,"30,001-40,000 บาท",ปทุมธานี,แชมพู,แชมพู,ร้านค้าเพื่อความสวยงามทั่วไป,ซื้อ,3 เดือน
30-35 ปี,ธุรกิจส่วนตัว,"10,000-20,000 บาท",กรุงเทพมหานคร,แชมพู,แชมพู,เคาเตอร์แบรนด์ห้างสรรพสินค้า,ซื้อ,1 เดือน
30-35 ปี,ลูกจ้าง,"10,000-20,000 บาท",กรุงเทพมหานคร,ครีมบำรุงผิวหน้า,วิตามินบำรุงผม,เคาเตอร์แบรนด์ห้างสรรพสินค้า,ซื้อ,1 เดือน
30-35 ปี,ลูกจ้าง,"10,000-20,000 บาท",สุราษฎร์ธานี,ครีมบำรุงผิวหน้า,โลชั่นบำรุงผิว,เคาเตอร์แบรนด์ห้างสรรพสินค้า,ซื้อ,1 เดือน
30-35 ปี,ลูกจ้าง,"10,000-20,000 บาท",สุราษฎร์ธานี,แชมพู,แชมพู,ร้านค้าเพื่อความสวยงามทั่วไป,ซื้อ,1 เดือน
36-40 ปี,ลูกจ้าง,"10,000-20,000 บาท",กระบี่,แชมพู,แชมพู,ร้านค้าเพื่อความสวยงามทั่วไป,ซื้อ,3 เดือน
30-35 ปี,ลูกจ้าง,"10,000-20,000 บาท",สุราษฎร์ธานี,โลชั่นบำรุงผิว,วิตามินบำรุงผม,ตัวแทนจำหน่าย(ขายตรง),ซื้อ,1 เดือน
30-35 ปี,อาชีพอิสระ,"10,000-20,000 บาท",สุราษฎร์ธานี,เจลล้างหน้า,ครีมบำรุงผิวหน้า,ร้านค้าในอินเทอร์เน็ต,ซื้อ,1 เดือน
30-35 ปี,ลูกจ้าง,"10,000-20,000 บาท",กระบี่,ครีมบำรุงผิวหน้า,โลชั่นบำรุงผิว,ร้านค้าเพื่อความสวยงามทั่วไป,ซื้อ,1 เดือน
30-35 ปี,อาชีพอิสระ,"10,000-20,000 บาท",สุราษฎร์ธานี,โลชั่นบำรุงผิว,โลชั่นบำรุงผิว,ร้านค้าเพื่อความสวยงามทั่วไป,ซื้อ,2 เดือน
30-35 ปี,ธุรกิจส่วนตัว,"10,000-20,000 บาท",กระบี่,เจลล้างหน้า,เจลล้างหน้า,ตัวแทนจำหน่าย(ขายตรง),ซื้อ,2 เดือน
30-35 ปี,ลูกจ้าง,"10,000-20,000 บาท",กระบี่,โลชั่นบำรุงผิว,สบู่เหลวอาบน้ำ,เคาเตอร์แบรนด์ห้างสรรพสินค้า,ซื้อ,1 เดือน
30-35 ปี,ลูกจ้าง,"10,000-20,000 บาท",สุราษฎร์ธานี,สบู่เหลวอาบน้ำ,สบู่เหลวอาบน้ำ,เคาเตอร์แบรนด์ห้างสรรพสินค้า,ซื้อ,1 เดือน
30-35 ปี,อาชีพอิสระ,"10,000-20,000 บาท",กระบี่,โลชั่นบำรุงผิว,เจลล้างมือ,ร้านค้าเพื่อความสวยงามทั่วไป,ซื้อ,1 เดือน
30-35 ปี,อาชีพอิสระ,"10,000-20,000 บาท",กระบี่,โลชั่นบำรุงผิว,เจลล้างมือ,ตัวแทนจำหน่าย(ขายตรง),ซื้อ,1 เดือน
30-35 ปี,ข้าราชการ/รัฐวิสาหกิจ,"10,000-20,000 บาท",ตรัง,สบู่ก้อน,สบู่ก้อน,ร้านค้าในอินเทอร์เน็ต,ซื้อ,2 เดือน
30-35 ปี,ธุรกิจส่วนตัว,"10,000-20,000 บาท",กระบี่,แชมพู,แชมพู,ร้านค้าเพื่อความสวยงามทั่วไป,ซื้อ,1 เดือน
30-35 ปี,ธุรกิจส่วนตัว,"10,000-20,000 บาท",พัทลุง,เจลล้างมือ,แชมพู,ร้านค้าเพื่อความสวยงามทั่วไป,ซื้อ,1 เดือน
30-35 ปี,อาชีพอิสระ,"10,000-20,000 บาท",กระบี่,ครีมบำรุงผิวหน้า,ครีมกันแดด,ร้านค้าเพื่อความสวยงามทั่วไป,ซื้อ,1 เดือน
30-35 ปี,อาชีพอิสระ,"10,000-20,000 บาท",ประจวบคีรีขันธ์,แชมพู,แชมพู,สินค้า OTOP,ซื้อ,1 เดือน
30-35 ปี,ธุรกิจส่วนตัว,"20,001-30,000 บาท",ภูเก็ต,สบู่เหลวอาบน้ำ,เจลล้างมือ,เคาเตอร์แบรนด์ห้างสรรพสินค้า,ซื้อ,1 เดือน
36-40 ปี,ธุรกิจส่วนตัว,"40,001-50,000 บาท",ปัตตานี,ครีมบำรุงผิวหน้า,โลชั่นบำรุงผิว,เคาเตอร์แบรนด์ห้างสรรพสินค้า,ซื้อ,2 เดือน
30-35 ปี,ลูกจ้าง,"10,000-20,000 บาท",กระบี่,เจลล้างมือ,เจลล้างหน้า,ตัวแทนจำหน่าย(ขายตรง),ซื้อ,1 เดือน
36-40 ปี,ข้าราชการ/รัฐวิสาหกิจ,"20,001-30,000 บาท",กระบี่,แชมพู, เจลล้างมือ,ร้านค้าเพื่อความสวยงามทั่วไป,ซื้อ,2 เดือน
36-40 ปี,ข้าราชการ/รัฐวิสาหกิจ,"20,001-30,000 บาท",กระบี่,ครีมบำรุงผิวหน้า,สบู่ก้อน,เคาเตอร์แบรนด์ห้างสรรพสินค้า,ซื้อ,3 เดือน
30-35 ปี,ลูกจ้าง,"10,000-20,000 บาท",สุราษฎร์ธานี,เจลล้างหน้า,ครีมบำรุงรอบดวงตา,ร้านค้าในอินเทอร์เน็ต,ซื้อ,3 เดือน
30-35 ปี,ลูกจ้าง,"10,000-20,000 บาท",กระบี่,ครีมบำรุงผิวหน้า,แชมพู,เคาเตอร์แบรนด์ห้างสรรพสินค้า,ซื้อ,1 เดือน
30-35 ปี,ข้าราชการ/รัฐวิสาหกิจ,"10,000-20,000 บาท",พัทลุง,ครีมบำรุงรอบดวงตา,ครีมบำรุงรอบดวงตา,เคาเตอร์แบรนด์ห้างสรรพสินค้า,ซื้อ,1 เดือน
30-35 ปี,ลูกจ้าง,"20,001-30,000 บาท",เพชรบูรณ์,แชมพู,ครีมบำรุงผิวหน้า,ร้านค้าเพื่อความสวยงามทั่วไป,ไม่ซื้อ,2 เดือน
30-35 ปี,ลูกจ้าง,"10,000-20,000 บาท",กระบี่,ครีมบำรุงผิวหน้า,เจลล้างหน้า,เคาเตอร์แบรนด์ห้างสรรพสินค้า,ซื้อ,2 เดือน
30-35 ปี,ลูกจ้าง,"20,001-30,000 บาท",สุราษฎร์ธานี,โลชั่นบำรุงผิว,เจลล้างมือ,เคาเตอร์แบรนด์ห้างสรรพสินค้า,ซื้อ,2 เดือน
36-40 ปี,ข้าราชการ/รัฐวิสาหกิจ,"10,000-20,000 บาท",สุราษฎร์ธานี,แชมพู,แชมพู,ร้านค้าเพื่อความสวยงามทั่วไป,ซื้อ,1 เดือน
36-40 ปี,ธุรกิจส่วนตัว,"20,001-30,000 บาท",กระบี่,แชมพู,เจลล้างหน้า,สินค้า OTOP,ซื้อ,1 เดือน
30-35 ปี,ลูกจ้าง,"10,000-20,000 บาท",พัทลุง,แชมพู,แชมพู,ร้านเสริมสวย,ซื้อ,1 เดือน
45 ปีขึ้นไป,ข้าราชการ/รัฐวิสาหกิจ,"40,001-50,000 บาท",กระบี่,โลชั่นบำรุงผิว,โลชั่นบำรุงผิว,ร้านค้าเพื่อความสวยงามทั่วไป,ซื้อ,1 เดือน
36-40 ปี,ข้าราชการ/รัฐวิสาหกิจ,"20,001-30,000 บาท",กระบี่,แชมพู,แชมพู,ร้านค้าในอินเทอร์เน็ต,ซื้อ,3 เดือน
36-40 ปี,ลูกจ้าง,"10,000-20,000 บาท",กระบี่,แชมพู,สบู่ก้อน,เคาเตอร์แบรนด์ห้างสรรพสินค้า,ซื้อ,1 เดือน
45 ปีขึ้นไป,ข้าราชการ/รัฐวิสาหกิจ,"40,001-50,000 บาท",กระบี่,โลชั่นบำรุงผิว,โลชั่นบำรุงผิว,ร้านค้าเพื่อความสวยงามทั่วไป,ไม่ซื้อ,1 เดือน
30-35 ปี,ลูกจ้าง,"10,000-20,000 บาท",นนทบุรี,ครีมบำรุงผิวหน้า,ครีมบำรุงผิวหน้า,ร้านเสริมสวย,ซื้อ,1 เดือน
41-45 ปี,ข้าราชการ/รัฐวิสาหกิจ,"30,001-40,000 บาท",ปทุมธานี,แชมพู,สบู่เหลวอาบน้ำ,เคาเตอร์แบรนด์ห้างสรรพสินค้า,ซื้อ,3 เดือน
45 ปีขึ้นไป,ข้าราชการ/รัฐวิสาหกิจ,"20,001-30,000 บาท",ปทุมธานี,วิตามินบำรุงผม,เจลล้างหน้า,ร้านค้าเพื่อความสวยงามทั่วไป,ซื้อ,2 เดือน
36-40 ปี,ลูกจ้าง,"20,001-30,000 บาท",ปทุมธานี,สบู่ก้อน,ครีมบำรุงรอบดวงตา,ร้านค้าเพื่อความสวยงามทั่วไป,ซื้อ,1 เดือน
